Name,Age,Department,Salary
Person0,23,ECE,22732
Person1,50,CSE,77658
Person2,46,MECH,37116
Person3,37,MECH,76899
Person4,37,ECE,65166
Person5,54,IT,36215
Person6,23,MECH,57562
Person7,47,CSE,22932
Person8,28,IT,76144
Person9,23,CSE,44303
Person10,41,MECH,50678
Person11,59,ECE,32570
Person12,49,MECH,49198
Person13,50,IT,51663
Person14,48,MECH,37996
Person15,51,MECH,98347
Person16,40,IT,42384
Person17,25,MECH,34485
Person18,53,IT,63856
Person19,38,ECE,45509
Person20,40,CSE,56317
Person21,34,CSE,78009
Person22,27,MECH,26257
Person23,57,MECH,60734
Person24,51,CSE,21734
Person25,45,CSE,23514
Person26,36,IT,27401
Person27,52,MECH,32935
Person28,41,IT,47954
Person29,37,CSE,94819
Person30,38,CSE,92496
Person31,29,ECE,28253
Person32,23,IT,99293
Person33,42,MECH,70807
Person34,55,IT,64295
Person35,22,ECE,83386
Person36,54,ECE,58755
Person37,53,MECH,41235
Person38,31,IT,62372
Person39,45,ECE,78006
Person40,26,MECH,74615
Person41,50,IT,33591
Person42,48,ECE,95051
Person43,34,IT,42780
Person44,22,MECH,85597
Person45,58,IT,44945
Person46,37,ECE,25072
Person47,55,MECH,99714
Person48,47,ECE,67102
Person49,51,MECH,37165
Person50,50,ECE,20025
Person51,27,MECH,30336
Person52,34,IT,33590
Person53,38,ECE,94055
Person54,39,ECE,34160
Person55,21,ECE,32954
Person56,41,MECH,87024
Person57,26,MECH,90342
Person58,49,MECH,36718
Person59,47,CSE,72036
Person60,56,CSE,62755
Person61,49,CSE,66148
Person62,34,IT,44906
Person63,58,IT,80107
Person64,36,CSE,90478
Person65,33,CSE,78079
Person66,56,IT,92252
Person67,34,MECH,28842
Person68,23,ECE,72564
Person69,38,MECH,99957
Person70,51,CSE,62854
Person71,27,CSE,95351
Person72,38,ECE,47870
Person73,25,IT,91727
Person74,47,IT,95104
Person75,39,CSE,69783
Person76,33,MECH,76367
Person77,29,IT,61823
Person78,42,IT,45356
Person79,46,IT,62902
Person80,57,CSE,96994
Person81,37,CSE,21194
Person82,26,CSE,36406
Person83,53,CSE,59957
Person84,45,CSE,47153
Person85,48,ECE,69901
Person86,23,MECH,48844
Person87,32,ECE,72696
Person88,50,ECE,28505
Person89,53,CSE,46571
Person90,37,CSE,75424
Person91,52,IT,57702
Person92,53,MECH,77094
Person93,35,CSE,70904
Person94,55,IT,46279
Person95,31,IT,54264
Person96,29,IT,97175
Person97,47,CSE,96970
Person98,45,MECH,22846
Person99,25,IT,76435
Person100,53,IT,59278
Person101,27,CSE,20101
Person102,52,IT,70729
Person103,20,ECE,21862
Person104,51,ECE,45505
Person105,51,MECH,75224
Person106,51,IT,85013
Person107,46,CSE,53011
Person108,38,MECH,84700
Person109,48,IT,87157
Person110,31,MECH,55803
Person111,51,ECE,33841
Person112,42,CSE,72735
Person113,38,MECH,21106
Person114,40,MECH,91457
Person115,42,MECH,51046
Person116,21,IT,80802
Person117,25,MECH,78885
Person118,29,MECH,57829
Person119,24,CSE,97738
Person120,37,MECH,83705
Person121,46,CSE,90692
Person122,46,MECH,27512
Person123,38,CSE,58725
Person124,54,IT,96157
Person125,42,ECE,85025
Person126,23,ECE,56328
Person127,50,CSE,25626
Person128,42,CSE,42577
Person129,45,IT,65781
Person130,42,ECE,71348
Person131,42,MECH,93943
Person132,23,IT,27429
Person133,42,MECH,51710
Person134,51,CSE,41767
Person135,32,ECE,96808
Person136,44,ECE,33288
Person137,21,ECE,37654
Person138,33,CSE,43825
Person139,37,MECH,28450
Person140,59,ECE,71477
Person141,28,ECE,61980
Person142,31,ECE,64612
Person143,36,ECE,92579
Person144,59,CSE,54648
Person145,54,ECE,44902
Person146,21,IT,50033
Person147,29,MECH,84012
Person148,52,MECH,62273
Person149,22,IT,33535
Person150,54,MECH,75184
Person151,31,CSE,79645
Person152,56,ECE,39994
Person153,31,ECE,64562
Person154,37,ECE,65093
Person155,46,CSE,34001
Person156,25,CSE,20729
Person157,42,ECE,77446
Person158,40,IT,69233
Person159,51,MECH,77100
Person160,59,IT,50187
Person161,46,CSE,61234
Person162,36,ECE,98533
Person163,36,MECH,38037
Person164,36,ECE,72224
Person165,52,ECE,30583
Person166,32,ECE,25255
Person167,26,CSE,96580
Person168,33,IT,30385
Person169,20,IT,72465
Person170,24,CSE,61136
Person171,23,ECE,84739
Person172,50,MECH,63728
Person173,48,IT,75757
Person174,47,IT,91530
Person175,38,ECE,86357
Person176,48,MECH,77748
Person177,26,IT,32999
Person178,56,IT,33552
Person179,40,ECE,59756
Person180,57,IT,72708
Person181,26,ECE,73369
Person182,39,CSE,82934
Person183,47,IT,28271
Person184,39,IT,33875
Person185,37,ECE,31996
Person186,26,ECE,63284
Person187,35,ECE,70718
Person188,29,CSE,29242
Person189,32,IT,89496
Person190,47,CSE,44275
Person191,45,MECH,72833
Person192,44,CSE,80130
Person193,34,MECH,22896
Person194,58,IT,89185
Person195,23,MECH,97634
Person196,33,MECH,96690
Person197,24,IT,31160
Person198,33,IT,51412
Person199,58,IT,38604
Person200,34,CSE,56064
Person201,56,MECH,97997
Person202,39,IT,81049
Person203,47,ECE,81682
Person204,38,MECH,53754
Person205,30,CSE,94926
Person206,50,IT,93604
Person207,58,MECH,84529
Person208,30,MECH,85157
Person209,51,IT,72138
Person210,30,CSE,27626
Person211,48,ECE,42764
Person212,51,IT,81503
Person213,37,CSE,46150
Person214,49,IT,33791
Person215,30,ECE,95781
Person216,23,MECH,59067
Person217,23,MECH,88850
Person218,37,MECH,42733
Person219,56,IT,48759
Person220,25,ECE,47463
Person221,38,CSE,49861
Person222,48,ECE,55006
Person223,28,MECH,43815
Person224,48,IT,85136
Person225,32,IT,46090
Person226,52,ECE,55321
Person227,43,IT,88853
Person228,41,CSE,54972
Person229,27,CSE,20840
Person230,38,CSE,20039
Person231,54,IT,54884
Person232,20,CSE,71881
Person233,50,MECH,95427
Person234,39,IT,30464
Person235,48,IT,63410
Person236,46,IT,43115
Person237,37,CSE,56035
Person238,32,ECE,55411
Person239,45,MECH,44989
Person240,25,MECH,21458
Person241,43,MECH,25913
Person242,23,MECH,61791
Person243,45,ECE,37958
Person244,45,CSE,46161
Person245,23,ECE,27236
Person246,50,ECE,23969
Person247,36,MECH,30135
Person248,51,IT,50181
Person249,21,MECH,33081
Person250,27,MECH,38514
Person251,39,CSE,44162
Person252,27,MECH,43305
Person253,33,ECE,20881
Person254,46,CSE,29389
Person255,25,CSE,96011
Person256,47,IT,73439
Person257,24,IT,29905
Person258,27,MECH,42696
Person259,43,IT,50651
Person260,51,CSE,92453
Person261,26,ECE,90362
Person262,31,IT,81634
Person263,57,CSE,28525
Person264,59,MECH,59239
Person265,43,CSE,58688
Person266,37,ECE,71001
Person267,33,ECE,87582
Person268,44,ECE,45678
Person269,43,IT,64557
Person270,31,IT,41104
Person271,20,MECH,36827
Person272,26,MECH,45065
Person273,58,CSE,78840
Person274,36,CSE,55026
Person275,39,CSE,74507
Person276,38,IT,75292
Person277,51,CSE,48974
Person278,22,ECE,96403
Person279,23,IT,23703
Person280,31,MECH,91752
Person281,39,MECH,20629
Person282,46,CSE,50588
Person283,39,MECH,86031
Person284,37,MECH,74739
Person285,57,ECE,45724
Person286,26,MECH,90847
Person287,42,IT,31021
Person288,41,ECE,73656
Person289,38,ECE,61484
Person290,52,ECE,36572
Person291,30,IT,93666
Person292,58,CSE,81240
Person293,33,IT,20678
Person294,41,IT,26947
Person295,40,ECE,24491
Person296,53,MECH,53232
Person297,37,IT,53363
Person298,31,IT,77918
Person299,20,ECE,74077
Person300,34,CSE,21206
Person301,53,MECH,58088
Person302,20,CSE,82782
Person303,55,CSE,91803
Person304,41,IT,43373
Person305,25,ECE,23526
Person306,32,MECH,32230
Person307,42,CSE,47211
Person308,32,CSE,55454
Person309,24,CSE,48107
Person310,46,ECE,27243
Person311,46,CSE,47210
Person312,24,ECE,43191
Person313,31,ECE,59014
Person314,29,MECH,26333
Person315,46,MECH,83246
Person316,49,ECE,53361
Person317,49,ECE,45430
Person318,57,CSE,92521
Person319,50,ECE,79558
Person320,32,IT,30947
Person321,24,IT,31717
Person322,44,ECE,20171
Person323,56,IT,64857
Person324,59,MECH,48378
Person325,29,CSE,50007
Person326,29,IT,60751
Person327,21,ECE,63136
Person328,25,MECH,20078
Person329,42,MECH,28619
Person330,41,ECE,83132
Person331,34,MECH,96277
Person332,32,MECH,86972
Person333,53,ECE,92497
Person334,38,ECE,57081
Person335,52,MECH,86111
Person336,58,CSE,90578
Person337,32,CSE,91422
Person338,28,IT,31950
Person339,58,ECE,31735
Person340,45,MECH,52208
Person341,31,MECH,60297
Person342,44,IT,96651
Person343,40,MECH,45432
Person344,56,MECH,86522
Person345,30,IT,90990
Person346,59,IT,97219
Person347,57,CSE,35155
Person348,27,MECH,39350
Person349,26,CSE,37595
Person350,41,IT,78815
Person351,21,CSE,74937
Person352,31,CSE,52566
Person353,37,CSE,27111
Person354,58,MECH,61665
Person355,59,CSE,78589
Person356,26,CSE,57945
Person357,55,MECH,41450
Person358,23,IT,67376
Person359,49,MECH,72874
Person360,53,ECE,67301
Person361,55,MECH,89843
Person362,28,MECH,45114
Person363,55,ECE,68768
Person364,24,MECH,88401
Person365,40,CSE,37014
Person366,38,CSE,42527
Person367,32,MECH,23933
Person368,20,ECE,49998
Person369,50,CSE,23569
Person370,33,CSE,79709
Person371,46,IT,27104
Person372,36,ECE,75393
Person373,34,CSE,66385
Person374,55,MECH,99031
Person375,23,MECH,47857
Person376,49,ECE,47583
Person377,49,IT,39448
Person378,35,ECE,62981
Person379,30,MECH,37544
Person380,20,MECH,29071
Person381,57,MECH,95886
Person382,57,CSE,74332
Person383,29,MECH,29505
Person384,21,MECH,69444
Person385,24,CSE,44385
Person386,22,CSE,34404
Person387,53,MECH,57718
Person388,55,CSE,83010
Person389,26,IT,20035
Person390,49,CSE,48415
Person391,27,IT,93676
Person392,34,MECH,51546
Person393,43,ECE,27927
Person394,48,ECE,54286
Person395,54,ECE,74597
Person396,21,MECH,99705
Person397,27,IT,70309
Person398,31,CSE,24042
Person399,32,MECH,84725
Person400,59,IT,82408
Person401,51,ECE,72111
Person402,32,MECH,91723
Person403,58,CSE,81550
Person404,39,IT,38577
Person405,40,CSE,53699
Person406,37,ECE,60594
Person407,25,ECE,59096
Person408,57,ECE,71103
Person409,20,CSE,76132
Person410,26,MECH,28316
Person411,29,CSE,65474
Person412,31,IT,23105
Person413,25,CSE,60923
Person414,20,ECE,53774
Person415,47,IT,36444
Person416,58,CSE,99265
Person417,24,CSE,40648
Person418,31,MECH,24505
Person419,40,CSE,48679
Person420,57,IT,80592
Person421,47,ECE,20742
Person422,50,IT,59429
Person423,43,CSE,53389
Person424,36,CSE,89261
Person425,27,IT,20221
Person426,54,IT,21386
Person427,52,IT,65201
Person428,21,ECE,34350
Person429,48,ECE,76322
Person430,23,MECH,42249
Person431,49,ECE,64971
Person432,53,CSE,23019
Person433,25,ECE,75481
Person434,37,MECH,61459
Person435,24,CSE,20001
Person436,42,ECE,41265
Person437,57,ECE,24755
Person438,23,CSE,23587
Person439,35,CSE,75876
Person440,58,ECE,54231
Person441,32,CSE,84232
Person442,25,ECE,40622
Person443,39,MECH,77416
Person444,40,IT,69209
Person445,46,CSE,73040
Person446,32,ECE,86241
Person447,58,CSE,76590
Person448,40,ECE,79647
Person449,31,ECE,79167
Person450,58,IT,55760
Person451,56,ECE,77950
Person452,39,IT,87373
Person453,20,CSE,79040
Person454,43,CSE,68615
Person455,42,CSE,25921
Person456,25,ECE,54927
Person457,45,CSE,25061
Person458,53,CSE,28305
Person459,24,CSE,48889
Person460,48,IT,57130
Person461,25,IT,62207
Person462,49,CSE,92022
Person463,36,IT,81009
Person464,20,CSE,53831
Person465,58,ECE,46776
Person466,26,ECE,77006
Person467,43,ECE,42009
Person468,27,IT,90689
Person469,57,MECH,82515
Person470,49,MECH,74601
Person471,52,MECH,39946
Person472,37,MECH,69738
Person473,38,CSE,85667
Person474,45,ECE,25756
Person475,51,CSE,34170
Person476,53,MECH,61215
Person477,20,ECE,48757
Person478,46,MECH,76769
Person479,24,MECH,52086
Person480,31,ECE,99732
Person481,53,CSE,43960
Person482,30,IT,48816
Person483,51,ECE,20268
Person484,38,CSE,39799
Person485,29,ECE,38840
Person486,33,IT,81021
Person487,41,ECE,47012
Person488,50,IT,36277
Person489,44,ECE,45089
Person490,57,IT,65011
Person491,54,MECH,82844
Person492,50,CSE,98307
Person493,44,MECH,23789
Person494,31,ECE,87278
Person495,36,CSE,51115
Person496,24,MECH,84659
Person497,34,CSE,23001
Person498,57,MECH,70087
Person499,37,IT,94451
Person500,24,CSE,23130
Person501,46,ECE,83216
Person502,58,MECH,29146
Person503,54,CSE,98572
Person504,30,ECE,79549
Person505,38,ECE,92812
Person506,41,CSE,91814
Person507,29,IT,45265
Person508,30,ECE,53274
Person509,29,IT,75326
Person510,59,MECH,33990
Person511,49,IT,44524
Person512,53,IT,27923
Person513,52,MECH,91056
Person514,58,ECE,39829
Person515,24,ECE,52860
Person516,55,IT,56200
Person517,22,ECE,50071
Person518,39,MECH,82236
Person519,43,CSE,93125
Person520,34,IT,65832
Person521,25,MECH,86939
Person522,27,ECE,28866
Person523,52,MECH,97313
Person524,32,ECE,29271
Person525,32,CSE,25319
Person526,56,IT,21778
Person527,25,IT,39467
Person528,56,IT,86974
Person529,56,ECE,44068
Person530,43,ECE,83272
Person531,26,CSE,53948
Person532,26,MECH,28315
Person533,31,ECE,57850
Person534,43,IT,38588
Person535,26,IT,43317
Person536,38,CSE,61380
Person537,24,IT,83236
Person538,41,CSE,66945
Person539,20,ECE,37859
Person540,48,ECE,77398
Person541,22,IT,75721
Person542,27,MECH,38965
Person543,26,IT,88141
Person544,53,MECH,87456
Person545,22,IT,68295
Person546,37,IT,43692
Person547,43,IT,48332
Person548,40,ECE,55154
Person549,47,ECE,35031
Person550,52,IT,44474
Person551,35,IT,30747
Person552,53,IT,32364
Person553,32,MECH,79533
Person554,59,IT,30268
Person555,40,MECH,57530
Person556,49,MECH,54339
Person557,55,CSE,23705
Person558,51,MECH,86505
Person559,54,MECH,98707
Person560,41,IT,71073
Person561,21,IT,73704
Person562,39,ECE,38616
Person563,27,ECE,87534
Person564,55,IT,82740
Person565,29,IT,55055
Person566,29,CSE,76464
Person567,29,ECE,96435
Person568,45,IT,68227
Person569,42,CSE,35962
Person570,57,IT,46436
Person571,36,CSE,34810
Person572,31,CSE,46522
Person573,21,IT,91226
Person574,20,MECH,35179
Person575,34,MECH,91337
Person576,57,IT,42810
Person577,40,ECE,59921
Person578,55,MECH,62269
Person579,24,MECH,30062
Person580,23,MECH,34720
Person581,53,ECE,44417
Person582,24,MECH,24798
Person583,22,ECE,80332
Person584,36,MECH,63699
Person585,56,IT,87679
Person586,47,ECE,89049
Person587,23,MECH,47812
Person588,53,IT,85369
Person589,53,IT,24898
Person590,52,IT,54375
Person591,56,MECH,73258
Person592,29,ECE,57298
Person593,59,IT,79159
Person594,32,MECH,88688
Person595,52,CSE,53921
Person596,43,ECE,41956
Person597,51,ECE,66647
Person598,45,IT,89478
Person599,45,CSE,98989
Person600,44,MECH,85243
Person601,51,MECH,39599
Person602,49,CSE,36422
Person603,25,MECH,65838
Person604,53,IT,52174
Person605,41,MECH,68876
Person606,32,MECH,93866
Person607,40,ECE,63928
Person608,58,CSE,48443
Person609,54,CSE,89530
Person610,53,ECE,55133
Person611,38,MECH,68400
Person612,51,CSE,30823
Person613,35,IT,60631
Person614,47,MECH,54104
Person615,45,ECE,29841
Person616,29,IT,36928
Person617,30,CSE,76256
Person618,22,IT,34447
Person619,25,ECE,30568
Person620,37,ECE,24603
Person621,39,ECE,22125
Person622,26,IT,54753
Person623,36,ECE,59082
Person624,44,IT,69946
Person625,29,ECE,65795
Person626,33,ECE,62943
Person627,34,MECH,99924
Person628,40,MECH,39997
Person629,34,ECE,76986
Person630,49,CSE,26368
Person631,33,ECE,87887
Person632,37,MECH,49013
Person633,35,CSE,47711
Person634,27,CSE,30814
Person635,47,IT,60713
Person636,29,CSE,51967
Person637,31,ECE,97941
Person638,51,IT,34241
Person639,57,ECE,53391
Person640,46,ECE,92014
Person641,56,CSE,84583
Person642,54,IT,81160
Person643,39,MECH,62079
Person644,50,IT,89858
Person645,33,IT,37916
Person646,38,ECE,84770
Person647,41,CSE,66433
Person648,58,ECE,47996
Person649,53,CSE,37444
Person650,39,MECH,61730
Person651,46,CSE,20242
Person652,28,IT,77177
Person653,52,MECH,38871
Person654,42,ECE,51137
Person655,41,IT,35451
Person656,50,IT,57231
Person657,45,ECE,49673
Person658,22,CSE,35020
Person659,31,ECE,91087
Person660,27,MECH,80751
Person661,49,IT,51028
Person662,21,ECE,24610
Person663,28,MECH,87615
Person664,43,ECE,75754
Person665,47,CSE,64449
Person666,40,ECE,68371
Person667,54,CSE,20609
Person668,56,ECE,57908
Person669,25,ECE,35098
Person670,58,ECE,72106
Person671,44,IT,94502
Person672,45,ECE,62465
Person673,23,MECH,68333
Person674,44,MECH,73396
Person675,49,MECH,94363
Person676,43,ECE,23054
Person677,23,IT,44809
Person678,40,CSE,41468
Person679,57,ECE,77324
Person680,48,IT,55832
Person681,25,ECE,81762
Person682,58,MECH,57792
Person683,58,CSE,98055
Person684,26,MECH,81358
Person685,52,IT,21454
Person686,36,MECH,99076
Person687,43,MECH,96178
Person688,37,IT,23473
Person689,51,ECE,51327
Person690,59,ECE,97645
Person691,51,CSE,87039
Person692,57,MECH,57462
Person693,57,MECH,63577
Person694,23,IT,22371
Person695,30,MECH,65171
Person696,48,CSE,73307
Person697,43,MECH,48750
Person698,22,IT,44541
Person699,23,CSE,86277
Person700,40,ECE,55893
Person701,44,IT,41121
Person702,26,ECE,49985
Person703,26,IT,59379
Person704,25,MECH,40759
Person705,42,MECH,64813
Person706,20,MECH,88897
Person707,42,MECH,79401
Person708,39,IT,38507
Person709,38,IT,57730
Person710,47,ECE,63496
Person711,40,IT,74422
Person712,49,MECH,80514
Person713,50,MECH,58823
Person714,56,ECE,45204
Person715,51,ECE,72745
Person716,40,MECH,30060
Person717,39,ECE,73931
Person718,29,ECE,91704
Person719,43,IT,76755
Person720,25,ECE,54691
Person721,57,MECH,85863
Person722,53,CSE,62576
Person723,24,CSE,63257
Person724,51,IT,88169
Person725,24,CSE,35462
Person726,48,IT,82380
Person727,23,IT,74371
Person728,39,ECE,62322
Person729,46,IT,26169
Person730,49,ECE,81258
Person731,36,IT,37516
Person732,56,CSE,91639
Person733,50,ECE,83372
Person734,28,ECE,49090
Person735,46,IT,54805
Person736,49,CSE,22041
Person737,33,IT,59843
Person738,49,CSE,24635
Person739,55,ECE,98991
Person740,52,MECH,71210
Person741,50,CSE,38813
Person742,45,ECE,84297
Person743,30,IT,21564
Person744,51,IT,63945
Person745,34,CSE,28909
Person746,41,MECH,24355
Person747,32,MECH,39560
Person748,32,CSE,43548
Person749,26,MECH,78073
Person750,58,MECH,91265
Person751,25,MECH,82065
Person752,23,ECE,79189
Person753,57,ECE,65239
Person754,42,MECH,49694
Person755,37,MECH,40403
Person756,49,CSE,95663
Person757,35,CSE,61739
Person758,25,MECH,65147
Person759,49,IT,21196
Person760,27,CSE,56638
Person761,42,CSE,74544
Person762,57,IT,59609
Person763,57,MECH,69143
Person764,34,IT,84776
Person765,51,IT,21743
Person766,44,IT,92351
Person767,39,CSE,85360
Person768,25,ECE,53592
Person769,35,CSE,81074
Person770,46,CSE,25322
Person771,59,IT,44657
Person772,20,MECH,28621
Person773,48,CSE,70830
Person774,53,CSE,88494
Person775,58,CSE,68119
Person776,36,ECE,76924
Person777,24,ECE,31454
Person778,30,ECE,94721
Person779,54,IT,35460
Person780,55,CSE,62106
Person781,45,MECH,74656
Person782,24,ECE,88531
Person783,24,ECE,94684
Person784,39,IT,67897
Person785,43,IT,66102
Person786,21,CSE,53370
Person787,47,ECE,65425
Person788,41,CSE,73987
Person789,20,ECE,71734
Person790,23,MECH,67386
Person791,38,ECE,55246
Person792,48,ECE,35660
Person793,53,ECE,24333
Person794,37,ECE,53661
Person795,31,ECE,51720
Person796,58,ECE,68644
Person797,38,MECH,92020
Person798,32,CSE,76123
Person799,37,CSE,84395
Person800,20,MECH,66248
Person801,32,MECH,94193
Person802,40,ECE,95163
Person803,56,CSE,32226
Person804,49,MECH,71142
Person805,51,ECE,60476
Person806,41,MECH,97761
Person807,24,CSE,66778
Person808,35,CSE,21275
Person809,59,MECH,36794
Person810,21,ECE,30361
Person811,55,MECH,36077
Person812,47,MECH,27664
Person813,31,ECE,82562
Person814,51,CSE,59530
Person815,53,CSE,73748
Person816,21,IT,99992
Person817,24,CSE,71775
Person818,46,MECH,58337
Person819,59,IT,41358
Person820,20,IT,80360
Person821,46,ECE,60541
Person822,25,CSE,80552
Person823,46,IT,21845
Person824,44,MECH,33050
Person825,23,ECE,30395
Person826,47,MECH,74510
Person827,55,CSE,61460
Person828,54,MECH,45357
Person829,21,MECH,44773
Person830,29,ECE,68544
Person831,29,ECE,97253
Person832,38,ECE,99633
Person833,25,CSE,57718
Person834,54,CSE,73640
Person835,51,IT,26685
Person836,52,ECE,95635
Person837,27,CSE,21427
Person838,20,CSE,47379
Person839,56,ECE,78020
Person840,31,IT,97578
Person841,46,ECE,33720
Person842,56,IT,72881
Person843,21,ECE,35024
Person844,20,IT,24021
Person845,20,IT,53904
Person846,26,CSE,66129
Person847,22,CSE,41124
Person848,52,IT,97845
Person849,44,IT,69326
Person850,59,CSE,55064
Person851,52,MECH,58855
Person852,58,IT,57138
Person853,29,IT,28916
Person854,31,ECE,68511
Person855,53,IT,82779
Person856,29,MECH,53697
Person857,22,IT,54068
Person858,46,CSE,92836
Person859,52,MECH,68866
Person860,58,CSE,43826
Person861,57,ECE,20315
Person862,24,CSE,85858
Person863,50,ECE,70112
Person864,53,IT,70091
Person865,47,MECH,42627
Person866,52,ECE,34890
Person867,53,ECE,59549
Person868,37,ECE,80624
Person869,21,MECH,43817
Person870,38,ECE,62163
Person871,28,CSE,99700
Person872,24,MECH,37549
Person873,24,IT,38467
Person874,47,ECE,38876
Person875,40,CSE,93028
Person876,41,CSE,62301
Person877,49,IT,93437
Person878,41,IT,95820
Person879,45,CSE,53680
Person880,23,CSE,24394
Person881,54,CSE,44320
Person882,37,ECE,63502
Person883,26,IT,50482
Person884,52,CSE,20180
Person885,49,IT,99147
Person886,22,CSE,44255
Person887,27,MECH,69503
Person888,20,ECE,95739
Person889,30,IT,63582
Person890,23,ECE,75555
Person891,48,ECE,22873
Person892,40,CSE,75740
Person893,59,IT,87827
Person894,49,ECE,93463
Person895,44,ECE,26704
Person896,40,MECH,38270
Person897,22,MECH,23757
Person898,22,MECH,93434
Person899,44,ECE,41988
Person900,20,CSE,62520
Person901,21,CSE,58063
Person902,28,CSE,75100
Person903,55,MECH,91623
Person904,38,MECH,45899
Person905,48,MECH,83206
Person906,36,IT,43275
Person907,26,CSE,35810
Person908,34,IT,28500
Person909,23,IT,49766
Person910,50,MECH,64839
Person911,27,MECH,82419
Person912,35,CSE,87869
Person913,59,CSE,62167
Person914,43,CSE,52715
Person915,38,MECH,33959
Person916,41,ECE,93127
Person917,51,CSE,51684
Person918,30,CSE,81171
Person919,45,CSE,70074
Person920,54,MECH,94518
Person921,42,MECH,97858
Person922,37,MECH,76546
Person923,25,CSE,72944
Person924,29,CSE,30981
Person925,57,CSE,21295
Person926,41,IT,63682
Person927,32,MECH,76400
Person928,36,ECE,79691
Person929,43,CSE,40069
Person930,41,ECE,60256
Person931,47,IT,88972
Person932,30,CSE,27656
Person933,45,IT,50711
Person934,37,ECE,95561
Person935,57,CSE,35969
Person936,26,IT,45333
Person937,25,MECH,57435
Person938,38,MECH,75071
Person939,40,CSE,40415
Person940,47,ECE,83384
Person941,36,MECH,38865
Person942,56,MECH,49457
Person943,38,CSE,65860
Person944,25,MECH,20966
Person945,24,IT,81387
Person946,58,IT,73505
Person947,25,CSE,86796
Person948,57,IT,41990
Person949,31,MECH,51813
Person950,23,CSE,91885
Person951,32,CSE,25344
Person952,44,IT,59296
Person953,37,CSE,58717
Person954,51,CSE,55799
Person955,44,ECE,54702
Person956,36,MECH,79782
Person957,45,MECH,35758
Person958,58,MECH,91291
Person959,36,IT,91691
Person960,26,IT,34351
Person961,36,CSE,97931
Person962,53,CSE,40963
Person963,28,CSE,24139
Person964,57,ECE,51845
Person965,43,ECE,83659
Person966,44,IT,87567
Person967,32,ECE,71657
Person968,56,CSE,84895
Person969,21,IT,40914
Person970,31,ECE,90319
Person971,36,IT,70812
Person972,39,IT,30686
Person973,38,IT,30291
Person974,25,IT,41384
Person975,29,CSE,25552
Person976,23,MECH,42619
Person977,42,ECE,99479
Person978,34,MECH,39207
Person979,42,MECH,70909
Person980,43,MECH,98202
Person981,48,ECE,40257
Person982,41,IT,75694
Person983,45,MECH,56002
Person984,43,IT,42824
Person985,46,CSE,96007
Person986,44,IT,72536
Person987,32,ECE,55098
Person988,29,ECE,84967
Person989,51,IT,92035
Person990,33,ECE,82518
Person991,41,ECE,89504
Person992,27,IT,45760
Person993,37,IT,47532
Person994,41,ECE,38614
Person995,45,ECE,75680
Person996,41,CSE,84253
Person997,34,CSE,72839
Person998,58,MECH,67936
Person999,40,ECE,81696
Person1000,52,IT,34516
Person1001,49,CSE,49274
Person1002,42,MECH,76562
Person1003,55,MECH,24178
Person1004,25,MECH,92871
Person1005,56,CSE,33683
Person1006,54,ECE,82959
Person1007,40,MECH,69324
Person1008,49,ECE,87809
Person1009,40,IT,82008
Person1010,30,MECH,61267
Person1011,51,ECE,80483
Person1012,29,CSE,47719
Person1013,32,CSE,66694
Person1014,40,ECE,93205
Person1015,53,ECE,26780
Person1016,35,IT,48464
Person1017,39,IT,21383
Person1018,21,CSE,62741
Person1019,24,MECH,82571
Person1020,22,ECE,23084
Person1021,22,CSE,63950
Person1022,54,MECH,53217
Person1023,53,MECH,82616
Person1024,52,CSE,37610
Person1025,22,ECE,33023
Person1026,23,MECH,27574
Person1027,31,ECE,52593
Person1028,42,ECE,59002
Person1029,33,CSE,93533
Person1030,39,CSE,57269
Person1031,26,IT,33727
Person1032,49,MECH,75921
Person1033,32,CSE,24922
Person1034,22,ECE,47623
Person1035,49,CSE,72277
Person1036,56,ECE,40316
Person1037,20,CSE,67562
Person1038,37,MECH,56264
Person1039,53,MECH,96162
Person1040,48,MECH,42995
Person1041,54,ECE,92517
Person1042,36,ECE,70069
Person1043,34,CSE,79954
Person1044,48,CSE,33502
Person1045,26,ECE,21532
Person1046,29,ECE,78460
Person1047,44,MECH,58430
Person1048,46,CSE,44707
Person1049,24,ECE,91688
Person1050,40,IT,46119
Person1051,34,IT,54692
Person1052,40,IT,77935
Person1053,58,ECE,96971
Person1054,23,CSE,91918
Person1055,59,CSE,72199
Person1056,37,CSE,28832
Person1057,50,IT,28756
Person1058,36,IT,75428
Person1059,32,IT,60741
Person1060,50,MECH,30648
Person1061,47,ECE,75649
Person1062,25,ECE,95384
Person1063,48,IT,25229
Person1064,50,IT,86051
Person1065,35,MECH,47571
Person1066,57,IT,51822
Person1067,45,ECE,77366
Person1068,33,ECE,39750
Person1069,20,IT,32565
Person1070,46,ECE,97108
Person1071,28,IT,47867
Person1072,50,ECE,33566
Person1073,41,ECE,75192
Person1074,38,CSE,37337
Person1075,26,MECH,82043
Person1076,48,ECE,25638
Person1077,26,ECE,61480
Person1078,36,MECH,52236
Person1079,53,CSE,96548
Person1080,56,CSE,61702
Person1081,59,IT,94026
Person1082,58,MECH,39882
Person1083,42,MECH,57874
Person1084,28,CSE,85105
Person1085,53,MECH,32821
Person1086,52,ECE,94218
Person1087,59,MECH,81834
Person1088,46,CSE,74150
Person1089,25,MECH,39451
Person1090,40,MECH,85442
Person1091,37,ECE,87425
Person1092,53,CSE,43409
Person1093,35,IT,66971
Person1094,33,MECH,24851
Person1095,23,MECH,51527
Person1096,53,IT,32053
Person1097,50,MECH,64510
Person1098,21,CSE,63906
Person1099,37,ECE,62624
Person1100,39,IT,74172
Person1101,38,ECE,93978
Person1102,56,IT,35738
Person1103,26,CSE,37149
Person1104,32,ECE,37233
Person1105,27,ECE,94252
Person1106,29,MECH,27412
Person1107,56,CSE,22507
Person1108,57,CSE,32835
Person1109,21,MECH,81536
Person1110,45,ECE,66370
Person1111,29,IT,93573
Person1112,27,IT,36343
Person1113,31,ECE,51524
Person1114,27,MECH,64431
Person1115,39,ECE,25845
Person1116,59,ECE,93482
Person1117,43,MECH,84373
Person1118,48,ECE,31500
Person1119,39,CSE,87429
Person1120,20,ECE,55903
Person1121,23,IT,46900
Person1122,30,ECE,95692
Person1123,29,ECE,61487
Person1124,53,MECH,38175
Person1125,53,CSE,84757
Person1126,54,ECE,77258
Person1127,45,CSE,35363
Person1128,42,IT,74189
Person1129,45,IT,70318
Person1130,36,IT,42028
Person1131,46,CSE,54450
Person1132,51,MECH,87144
Person1133,50,MECH,33953
Person1134,44,IT,77786
Person1135,22,CSE,86515
Person1136,48,MECH,94939
Person1137,34,CSE,45974
Person1138,49,MECH,41328
Person1139,41,IT,94754
Person1140,55,CSE,57021
Person1141,33,CSE,65514
Person1142,57,IT,61041
Person1143,53,CSE,61160
Person1144,33,MECH,69963
Person1145,39,MECH,53864
Person1146,41,ECE,51363
Person1147,50,IT,52053
Person1148,47,IT,72504
Person1149,54,ECE,85437
Person1150,34,CSE,64410
Person1151,40,CSE,74200
Person1152,37,CSE,53044
Person1153,56,IT,81895
Person1154,32,MECH,51502
Person1155,43,MECH,53686
Person1156,24,CSE,24420
Person1157,54,IT,40914
Person1158,35,MECH,79074
Person1159,33,IT,26949
Person1160,43,ECE,37918
Person1161,39,MECH,82132
Person1162,53,MECH,89852
Person1163,41,ECE,53222
Person1164,40,MECH,52551
Person1165,24,ECE,60737
Person1166,20,IT,81611
Person1167,35,MECH,57547
Person1168,59,MECH,33874
Person1169,56,MECH,54491
Person1170,45,ECE,40371
Person1171,45,IT,74711
Person1172,35,CSE,31416
Person1173,27,MECH,68698
Person1174,20,CSE,30388
Person1175,33,ECE,97764
Person1176,32,MECH,71204
Person1177,27,ECE,31112
Person1178,30,IT,96711
Person1179,20,MECH,65881
Person1180,44,ECE,68530
Person1181,57,ECE,25059
Person1182,47,MECH,35020
Person1183,37,IT,84633
Person1184,36,ECE,57408
Person1185,32,MECH,69304
Person1186,25,MECH,98972
Person1187,43,CSE,54270
Person1188,42,IT,50471
Person1189,20,MECH,84178
Person1190,36,CSE,25281
Person1191,31,MECH,56400
Person1192,26,MECH,88383
Person1193,48,IT,38222
Person1194,41,CSE,44320
Person1195,45,ECE,57800
Person1196,48,CSE,25943
Person1197,59,MECH,25666
Person1198,52,MECH,40115
Person1199,44,ECE,91828
Person1200,55,IT,37745
Person1201,39,MECH,78476
Person1202,59,ECE,54085
Person1203,50,CSE,80825
Person1204,46,ECE,46415
Person1205,56,IT,89959
Person1206,40,ECE,49667
Person1207,48,IT,83325
Person1208,31,MECH,86513
Person1209,58,MECH,54548
Person1210,44,ECE,73354
Person1211,51,MECH,29490
Person1212,38,CSE,59714
Person1213,54,CSE,49869
Person1214,22,ECE,96352
Person1215,24,MECH,94726
Person1216,40,MECH,82668
Person1217,49,ECE,95927
Person1218,52,ECE,98073
Person1219,37,MECH,81429
Person1220,45,MECH,67505
Person1221,42,CSE,36354
Person1222,58,ECE,85231
Person1223,46,MECH,35555
Person1224,36,IT,34816
Person1225,58,ECE,90381
Person1226,24,IT,29154
Person1227,59,MECH,31353
Person1228,26,ECE,60878
Person1229,31,MECH,66730
Person1230,52,IT,23646
Person1231,49,CSE,50260
Person1232,58,CSE,38019
Person1233,49,ECE,44160
Person1234,45,CSE,34469
Person1235,33,IT,74190
Person1236,20,IT,57839
Person1237,24,MECH,96765
Person1238,31,IT,20664
Person1239,21,CSE,82210
Person1240,40,MECH,92778
Person1241,51,ECE,58893
Person1242,58,ECE,75948
Person1243,39,ECE,55256
Person1244,55,MECH,67602
Person1245,59,MECH,92613
Person1246,54,CSE,62417
Person1247,38,MECH,66248
Person1248,33,IT,98935
Person1249,59,CSE,59731
Person1250,29,IT,33854
Person1251,36,MECH,74626
Person1252,22,ECE,75430
Person1253,51,MECH,38972
Person1254,45,MECH,78297
Person1255,23,IT,25098
Person1256,28,CSE,45600
Person1257,42,CSE,88408
Person1258,41,MECH,69400
Person1259,52,ECE,68580
Person1260,30,CSE,69676
Person1261,56,ECE,33190
Person1262,37,MECH,96905
Person1263,52,CSE,43843
Person1264,29,IT,82915
Person1265,21,ECE,99194
Person1266,22,CSE,39273
Person1267,34,CSE,70753
Person1268,58,IT,23386
Person1269,21,CSE,70888
Person1270,34,ECE,55281
Person1271,24,MECH,25773
Person1272,57,MECH,73760
Person1273,47,ECE,97519
Person1274,50,CSE,26646
Person1275,48,MECH,91422
Person1276,46,ECE,87483
Person1277,50,CSE,63822
Person1278,20,CSE,92110
Person1279,54,MECH,44751
Person1280,49,CSE,77606
Person1281,49,ECE,75844
Person1282,35,CSE,66438
Person1283,52,IT,86669
Person1284,35,MECH,90102
Person1285,21,IT,82889
Person1286,56,CSE,67070
Person1287,29,ECE,98163
Person1288,24,ECE,64444
Person1289,44,MECH,70948
Person1290,29,IT,35105
Person1291,54,CSE,45698
Person1292,37,IT,92375
Person1293,20,MECH,59834
Person1294,58,IT,60898
Person1295,40,CSE,85305
Person1296,30,IT,46085
Person1297,47,ECE,41227
Person1298,41,ECE,20709
Person1299,21,CSE,38512
Person1300,50,IT,60966
Person1301,36,IT,77986
Person1302,47,CSE,46330
Person1303,55,ECE,55554
Person1304,44,MECH,37732
Person1305,46,MECH,85325
Person1306,30,CSE,61988
Person1307,29,ECE,31494
Person1308,36,ECE,68765
Person1309,54,ECE,46855
Person1310,40,IT,89211
Person1311,33,CSE,41447
Person1312,51,MECH,89178
Person1313,54,IT,75829
Person1314,56,IT,30829
Person1315,31,IT,80746
Person1316,48,CSE,77647
Person1317,43,CSE,56480
Person1318,37,IT,32856
Person1319,35,MECH,58242
Person1320,24,MECH,68689
Person1321,30,ECE,30562
Person1322,41,MECH,47286
Person1323,55,CSE,76146
Person1324,54,ECE,64230
Person1325,27,MECH,99385
Person1326,47,CSE,37339
Person1327,23,CSE,82233
Person1328,47,CSE,54035
Person1329,33,CSE,37848
Person1330,37,IT,96093
Person1331,48,MECH,69849
Person1332,36,IT,62834
Person1333,52,ECE,43596
Person1334,41,MECH,90515
Person1335,59,IT,22414
Person1336,45,ECE,29210
Person1337,31,MECH,34385
Person1338,51,MECH,72240
Person1339,36,IT,28207
Person1340,41,IT,83772
Person1341,25,MECH,35674
Person1342,24,MECH,74117
Person1343,42,IT,83648
Person1344,27,MECH,90287
Person1345,59,ECE,43426
Person1346,54,MECH,25976
Person1347,48,MECH,80563
Person1348,49,CSE,55896
Person1349,43,MECH,95909
Person1350,22,MECH,35050
Person1351,35,IT,65941
Person1352,39,MECH,29531
Person1353,56,CSE,58832
Person1354,28,IT,20082
Person1355,39,MECH,80010
Person1356,33,ECE,68390
Person1357,25,IT,27767
Person1358,24,ECE,59957
Person1359,34,ECE,54256
Person1360,23,IT,73891
Person1361,22,IT,59905
Person1362,34,MECH,56718
Person1363,28,ECE,86484
Person1364,42,IT,61525
Person1365,20,CSE,85137
Person1366,32,MECH,90827
Person1367,38,MECH,87861
Person1368,58,IT,96443
Person1369,45,ECE,75829
Person1370,55,IT,64940
Person1371,33,CSE,62444
Person1372,37,IT,36360
Person1373,36,CSE,86230
Person1374,55,MECH,75461
Person1375,58,CSE,89862
Person1376,58,IT,76118
Person1377,50,IT,58438
Person1378,40,CSE,43619
Person1379,41,IT,98852
Person1380,59,ECE,78689
Person1381,31,MECH,89985
Person1382,33,CSE,66800
Person1383,55,CSE,60837
Person1384,35,CSE,22744
Person1385,29,MECH,25543
Person1386,42,MECH,76541
Person1387,33,IT,37959
Person1388,55,CSE,26560
Person1389,56,MECH,82111
Person1390,32,CSE,69642
Person1391,41,ECE,28892
Person1392,59,CSE,59989
Person1393,49,CSE,57584
Person1394,28,MECH,20297
Person1395,43,IT,68388
Person1396,44,MECH,51735
Person1397,46,IT,90267
Person1398,21,MECH,29257
Person1399,31,CSE,87769
Person1400,54,ECE,20513
Person1401,29,IT,81142
Person1402,31,CSE,82607
Person1403,32,CSE,52615
Person1404,27,IT,42444
Person1405,26,CSE,31379
Person1406,33,IT,47194
Person1407,54,IT,73571
Person1408,20,MECH,77990
Person1409,31,MECH,34503
Person1410,22,CSE,20891
Person1411,42,ECE,64905
Person1412,30,IT,66462
Person1413,51,IT,98454
Person1414,43,ECE,80906
Person1415,51,IT,64024
Person1416,45,IT,67346
Person1417,37,CSE,71644
Person1418,54,MECH,56138
Person1419,39,MECH,74206
Person1420,57,MECH,35635
Person1421,59,IT,86431
Person1422,43,IT,88934
Person1423,46,MECH,54798
Person1424,30,ECE,56533
Person1425,52,IT,59800
Person1426,46,IT,85389
Person1427,56,MECH,34077
Person1428,30,MECH,47321
Person1429,51,CSE,69174
Person1430,38,ECE,75473
Person1431,27,CSE,43660
Person1432,26,MECH,29374
Person1433,42,IT,60609
Person1434,32,CSE,71084
Person1435,24,IT,81324
Person1436,37,CSE,20237
Person1437,46,CSE,21405
Person1438,32,IT,50920
Person1439,58,CSE,65113
Person1440,51,MECH,20285
Person1441,40,IT,33875
Person1442,57,ECE,53512
Person1443,37,CSE,42350
Person1444,25,ECE,76843
Person1445,21,CSE,22777
Person1446,57,MECH,91067
Person1447,58,IT,33557
Person1448,49,IT,55251
Person1449,24,IT,98930
Person1450,31,IT,73013
Person1451,21,IT,99881
Person1452,22,IT,21573
Person1453,29,MECH,77587
Person1454,42,IT,26055
Person1455,22,ECE,68948
Person1456,59,ECE,46075
Person1457,38,IT,82160
Person1458,30,ECE,29948
Person1459,40,ECE,91724
Person1460,51,CSE,58460
Person1461,32,ECE,61544
Person1462,21,MECH,65688
Person1463,22,IT,22822
Person1464,54,CSE,44832
Person1465,24,MECH,76751
Person1466,45,IT,96866
Person1467,35,IT,98768
Person1468,51,IT,62856
Person1469,22,CSE,40644
Person1470,55,ECE,58205
Person1471,47,IT,57077
Person1472,37,IT,51779
Person1473,28,MECH,48901
Person1474,59,IT,89466
Person1475,32,MECH,51237
Person1476,39,CSE,22340
Person1477,35,IT,77711
Person1478,29,CSE,73205
Person1479,36,ECE,50272
Person1480,26,CSE,70399
Person1481,20,MECH,95286
Person1482,31,CSE,93953
Person1483,24,MECH,83172
Person1484,36,IT,66667
Person1485,54,IT,22211
Person1486,26,ECE,60976
Person1487,20,IT,85483
Person1488,24,ECE,87591
Person1489,40,MECH,81828
Person1490,30,MECH,98920
Person1491,39,CSE,61319
Person1492,21,CSE,28776
Person1493,33,CSE,59745
Person1494,36,IT,45497
Person1495,37,IT,86842
Person1496,42,ECE,82171
Person1497,51,IT,53982
Person1498,38,CSE,51059
Person1499,53,IT,32756
Person1500,41,CSE,23453
Person1501,30,CSE,45031
Person1502,29,IT,39281
Person1503,32,ECE,41216
Person1504,43,ECE,99877
Person1505,29,IT,74484
Person1506,56,ECE,64111
Person1507,39,IT,34309
Person1508,54,CSE,87291
Person1509,47,CSE,71581
Person1510,33,ECE,61185
Person1511,29,MECH,57277
Person1512,49,CSE,64205
Person1513,33,CSE,87172
Person1514,29,MECH,77610
Person1515,57,ECE,58799
Person1516,39,ECE,73409
Person1517,21,CSE,94384
Person1518,39,CSE,46099
Person1519,38,CSE,92037
Person1520,54,MECH,68543
Person1521,48,CSE,34823
Person1522,27,CSE,97356
Person1523,26,IT,74893
Person1524,44,ECE,50874
Person1525,21,MECH,37169
Person1526,32,ECE,93262
Person1527,25,IT,85864
Person1528,20,IT,23561
Person1529,56,ECE,70857
Person1530,23,MECH,29169
Person1531,20,ECE,43529
Person1532,57,IT,65441
Person1533,27,ECE,39929
Person1534,52,IT,60999
Person1535,21,MECH,54366
Person1536,26,MECH,66519
Person1537,24,ECE,84057
Person1538,48,IT,32414
Person1539,44,MECH,83692
Person1540,39,IT,37789
Person1541,29,IT,22670
Person1542,23,CSE,55713
Person1543,42,IT,44182
Person1544,29,IT,34762
Person1545,43,CSE,53828
Person1546,47,IT,89508
Person1547,53,MECH,66846
Person1548,39,ECE,78226
Person1549,20,CSE,31962
Person1550,31,ECE,26066
Person1551,54,CSE,46822
Person1552,41,MECH,81953
Person1553,44,MECH,90847
Person1554,38,MECH,28139
Person1555,26,MECH,58123
Person1556,55,ECE,51720
Person1557,50,MECH,79531
Person1558,59,IT,36440
Person1559,54,CSE,58782
Person1560,31,ECE,87985
Person1561,30,IT,57198
Person1562,29,IT,82502
Person1563,56,IT,69754
Person1564,42,CSE,67792
Person1565,38,ECE,40749
Person1566,58,CSE,99399
Person1567,44,IT,39984
Person1568,56,MECH,94479
Person1569,59,CSE,99148
Person1570,23,CSE,60910
Person1571,34,MECH,89519
Person1572,49,IT,77207
Person1573,52,IT,79020
Person1574,25,IT,25480
Person1575,32,IT,30971
Person1576,41,IT,25569
Person1577,51,IT,22417
Person1578,24,IT,86878
Person1579,44,ECE,34033
Person1580,31,IT,20506
Person1581,28,IT,95018
Person1582,40,CSE,42300
Person1583,36,MECH,85303
Person1584,45,ECE,96841
Person1585,32,CSE,61846
Person1586,52,CSE,94137
Person1587,23,CSE,97502
Person1588,54,IT,31543
Person1589,21,IT,31726
Person1590,49,CSE,49595
Person1591,33,MECH,64732
Person1592,35,MECH,82882
Person1593,20,MECH,34657
Person1594,48,MECH,35472
Person1595,26,IT,44514
Person1596,46,MECH,41711
Person1597,49,MECH,95210
Person1598,53,MECH,51679
Person1599,48,ECE,89462
Person1600,32,IT,24470
Person1601,49,ECE,28143
Person1602,53,IT,84289
Person1603,32,MECH,39963
Person1604,24,MECH,26609
Person1605,55,IT,67560
Person1606,25,MECH,31782
Person1607,43,MECH,24908
Person1608,29,MECH,52489
Person1609,25,MECH,64006
Person1610,51,ECE,62188
Person1611,25,MECH,66759
Person1612,46,IT,21890
Person1613,47,MECH,43277
Person1614,22,IT,47477
Person1615,26,IT,43449
Person1616,51,ECE,64723
Person1617,40,CSE,38326
Person1618,24,ECE,70559
Person1619,59,IT,94854
Person1620,30,IT,72860
Person1621,20,MECH,51109
Person1622,56,IT,54777
Person1623,20,CSE,66821
Person1624,42,MECH,77917
Person1625,59,MECH,44125
Person1626,43,MECH,23073
Person1627,43,MECH,76213
Person1628,35,ECE,72923
Person1629,25,MECH,28115
Person1630,42,MECH,70124
Person1631,55,IT,25731
Person1632,23,CSE,71447
Person1633,55,ECE,79542
Person1634,36,ECE,21241
Person1635,41,CSE,78133
Person1636,26,ECE,29635
Person1637,44,ECE,41200
Person1638,27,ECE,76387
Person1639,30,ECE,48403
Person1640,48,MECH,98162
Person1641,22,MECH,96580
Person1642,37,ECE,98952
Person1643,43,IT,28346
Person1644,25,ECE,34103
Person1645,31,MECH,34651
Person1646,33,CSE,66827
Person1647,46,CSE,54403
Person1648,59,ECE,79668
Person1649,53,ECE,42567
Person1650,27,ECE,35980
Person1651,20,CSE,71920
Person1652,22,ECE,69381
Person1653,43,MECH,75248
Person1654,26,MECH,44965
Person1655,29,CSE,62111
Person1656,53,ECE,94268
Person1657,54,MECH,68895
Person1658,53,MECH,94599
Person1659,30,IT,54673
Person1660,44,ECE,23587
Person1661,44,MECH,80830
Person1662,27,IT,56836
Person1663,42,ECE,23367
Person1664,41,IT,31098
Person1665,35,ECE,45031
Person1666,50,ECE,35279
Person1667,47,MECH,74754
Person1668,41,MECH,68892
Person1669,49,MECH,46371
Person1670,50,CSE,26772
Person1671,42,CSE,26282
Person1672,30,IT,95650
Person1673,50,IT,47601
Person1674,48,IT,28583
Person1675,59,MECH,76919
Person1676,25,IT,89597
Person1677,36,ECE,29758
Person1678,56,CSE,95593
Person1679,40,CSE,77970
Person1680,57,ECE,40163
Person1681,20,ECE,82036
Person1682,21,IT,53595
Person1683,51,ECE,70824
Person1684,34,MECH,30152
Person1685,40,ECE,39538
Person1686,37,MECH,81874
Person1687,36,MECH,84423
Person1688,57,CSE,20874
Person1689,23,ECE,37155
Person1690,50,CSE,68602
Person1691,55,IT,92465
Person1692,46,MECH,73943
Person1693,35,IT,76531
Person1694,26,IT,51091
Person1695,47,CSE,24377
Person1696,38,MECH,81273
Person1697,25,CSE,83942
Person1698,34,IT,55463
Person1699,58,IT,60514
Person1700,30,MECH,38804
Person1701,27,IT,56211
Person1702,47,IT,39356
Person1703,27,IT,53640
Person1704,56,CSE,30723
Person1705,54,CSE,68530
Person1706,59,IT,39802
Person1707,56,ECE,77966
Person1708,29,ECE,61419
Person1709,28,CSE,91678
Person1710,33,MECH,37693
Person1711,38,IT,41835
Person1712,55,IT,39443
Person1713,49,MECH,70462
Person1714,45,MECH,28548
Person1715,55,MECH,74907
Person1716,45,ECE,85523
Person1717,35,MECH,73983
Person1718,36,IT,30773
Person1719,40,ECE,59440
Person1720,23,ECE,62678
Person1721,49,MECH,51281
Person1722,46,MECH,57306
Person1723,49,CSE,80990
Person1724,41,ECE,86768
Person1725,51,MECH,44000
Person1726,57,MECH,46386
Person1727,42,MECH,36644
Person1728,37,IT,52142
Person1729,24,MECH,63666
Person1730,51,MECH,77084
Person1731,56,ECE,41408
Person1732,47,ECE,37307
Person1733,54,IT,22658
Person1734,54,ECE,27511
Person1735,51,MECH,24126
Person1736,40,CSE,36589
Person1737,23,CSE,75600
Person1738,20,CSE,81936
Person1739,28,CSE,97851
Person1740,37,MECH,63607
Person1741,49,MECH,56375
Person1742,38,MECH,91950
Person1743,20,ECE,31764
Person1744,28,MECH,70420
Person1745,59,CSE,85446
Person1746,59,ECE,60204
Person1747,35,CSE,40914
Person1748,52,CSE,69669
Person1749,48,CSE,99650
Person1750,57,CSE,38875
Person1751,55,ECE,65061
Person1752,45,MECH,24061
Person1753,35,MECH,38610
Person1754,45,ECE,81365
Person1755,32,CSE,59680
Person1756,33,CSE,35938
Person1757,44,MECH,46830
Person1758,42,IT,29676
Person1759,43,ECE,82357
Person1760,35,CSE,95429
Person1761,36,ECE,28465
Person1762,20,CSE,39034
Person1763,44,CSE,88560
Person1764,43,ECE,90293
Person1765,57,IT,81386
Person1766,40,MECH,77203
Person1767,38,IT,88909
Person1768,22,ECE,49878
Person1769,27,ECE,91599
Person1770,33,ECE,90929
Person1771,35,CSE,38382
Person1772,34,ECE,25840
Person1773,35,ECE,61680
Person1774,50,ECE,80664
Person1775,25,CSE,87993
Person1776,33,MECH,31396
Person1777,26,IT,50191
Person1778,32,IT,81428
Person1779,47,CSE,24832
Person1780,21,CSE,77834
Person1781,33,IT,43330
Person1782,20,IT,21795
Person1783,58,MECH,39353
Person1784,49,ECE,79345
Person1785,29,MECH,89605
Person1786,27,MECH,26502
Person1787,23,IT,57107
Person1788,38,MECH,36093
Person1789,50,CSE,74683
Person1790,43,MECH,82455
Person1791,55,IT,96969
Person1792,33,ECE,48394
Person1793,31,CSE,43935
Person1794,39,CSE,44786
Person1795,28,IT,80895
Person1796,59,ECE,55606
Person1797,27,MECH,21821
Person1798,39,IT,95809
Person1799,40,CSE,28329
Person1800,22,CSE,94254
Person1801,38,IT,32949
Person1802,38,MECH,63050
Person1803,30,CSE,44993
Person1804,25,MECH,74943
Person1805,21,CSE,52238
Person1806,20,IT,49387
Person1807,39,IT,58161
Person1808,23,IT,97667
Person1809,58,ECE,39626
Person1810,29,ECE,37577
Person1811,46,IT,25297
Person1812,46,MECH,79091
Person1813,39,MECH,74201
Person1814,55,CSE,68700
Person1815,24,MECH,21892
Person1816,29,MECH,83246
Person1817,30,ECE,84757
Person1818,25,IT,95600
Person1819,31,CSE,94332
Person1820,32,MECH,41054
Person1821,50,IT,76829
Person1822,32,MECH,52211
Person1823,55,CSE,67676
Person1824,50,MECH,46599
Person1825,56,MECH,72561
Person1826,24,MECH,96220
Person1827,59,ECE,72177
Person1828,44,MECH,93667
Person1829,59,ECE,94536
Person1830,34,MECH,29510
Person1831,58,MECH,97144
Person1832,43,MECH,85462
Person1833,22,IT,54136
Person1834,36,IT,68006
Person1835,25,IT,69366
Person1836,57,IT,82910
Person1837,32,IT,84224
Person1838,28,CSE,28195
Person1839,42,ECE,20083
Person1840,37,MECH,39719
Person1841,23,ECE,62161
Person1842,52,MECH,87935
Person1843,53,CSE,72230
Person1844,49,CSE,30870
Person1845,44,MECH,77376
Person1846,36,IT,57454
Person1847,41,ECE,49503
Person1848,40,ECE,81732
Person1849,26,MECH,43651
Person1850,23,ECE,69493
Person1851,30,CSE,34571
Person1852,38,MECH,50525
Person1853,26,IT,64625
Person1854,24,MECH,69873
Person1855,54,IT,93544
Person1856,34,MECH,43227
Person1857,43,IT,91678
Person1858,40,CSE,85328
Person1859,49,CSE,48797
Person1860,49,CSE,31206
Person1861,31,IT,40628
Person1862,53,MECH,72624
Person1863,34,CSE,83103
Person1864,53,IT,68981
Person1865,36,ECE,77998
Person1866,24,MECH,28135
Person1867,50,CSE,60427
Person1868,21,CSE,89902
Person1869,50,ECE,51122
Person1870,21,CSE,91910
Person1871,28,MECH,29903
Person1872,44,CSE,98299
Person1873,57,CSE,82811
Person1874,36,MECH,70098
Person1875,24,ECE,69397
Person1876,29,MECH,94906
Person1877,55,MECH,50150
Person1878,49,IT,33194
Person1879,24,IT,93503
Person1880,35,CSE,28220
Person1881,30,MECH,72773
Person1882,27,MECH,41279
Person1883,53,MECH,94339
Person1884,44,IT,97893
Person1885,27,CSE,57952
Person1886,46,ECE,62660
Person1887,36,IT,56369
Person1888,22,IT,54017
Person1889,37,CSE,94979
Person1890,27,ECE,42968
Person1891,29,ECE,96783
Person1892,55,CSE,72033
Person1893,48,CSE,96861
Person1894,25,MECH,68967
Person1895,54,MECH,85511
Person1896,42,MECH,59197
Person1897,54,ECE,56992
Person1898,49,IT,40599
Person1899,33,MECH,36823
Person1900,41,IT,23015
Person1901,41,ECE,50675
Person1902,48,CSE,99019
Person1903,29,ECE,95063
Person1904,33,MECH,75217
Person1905,29,ECE,49084
Person1906,31,IT,61629
Person1907,26,CSE,80537
Person1908,21,MECH,20160
Person1909,57,ECE,93840
Person1910,22,CSE,89635
Person1911,55,MECH,97631
Person1912,20,IT,27548
Person1913,51,MECH,95813
Person1914,33,CSE,69079
Person1915,40,CSE,64404
Person1916,31,ECE,34362
Person1917,39,MECH,59350
Person1918,38,ECE,49064
Person1919,41,ECE,99011
Person1920,35,IT,47176
Person1921,41,CSE,37454
Person1922,53,CSE,95710
Person1923,37,CSE,35002
Person1924,34,IT,92359
Person1925,25,ECE,97054
Person1926,34,CSE,44588
Person1927,25,ECE,75135
Person1928,27,IT,83740
Person1929,58,MECH,62904
Person1930,23,CSE,75758
Person1931,39,CSE,30563
Person1932,53,CSE,61282
Person1933,58,IT,61059
Person1934,25,CSE,65317
Person1935,26,ECE,95537
Person1936,34,ECE,85976
Person1937,42,MECH,68231
Person1938,58,MECH,52266
Person1939,28,IT,52370
Person1940,26,ECE,21613
Person1941,30,ECE,64088
Person1942,54,ECE,40196
Person1943,21,CSE,90891
Person1944,35,MECH,81889
Person1945,24,MECH,93027
Person1946,26,ECE,99665
Person1947,56,IT,52007
Person1948,20,CSE,54271
Person1949,32,IT,68644
Person1950,56,MECH,54441
Person1951,44,CSE,42336
Person1952,22,MECH,76570
Person1953,38,IT,56086
Person1954,58,ECE,95347
Person1955,36,ECE,37590
Person1956,41,IT,55503
Person1957,41,CSE,62517
Person1958,46,CSE,92627
Person1959,27,MECH,66259
Person1960,53,IT,25524
Person1961,59,MECH,47026
Person1962,25,CSE,90887
Person1963,52,MECH,41769
Person1964,52,ECE,47251
Person1965,49,IT,32082
Person1966,34,MECH,77551
Person1967,38,ECE,31163
Person1968,53,MECH,49424
Person1969,26,MECH,76916
Person1970,53,MECH,91639
Person1971,56,ECE,37731
Person1972,47,MECH,46574
Person1973,33,CSE,29438
Person1974,42,ECE,55030
Person1975,22,ECE,99909
Person1976,57,MECH,44337
Person1977,33,IT,40793
Person1978,22,IT,51977
Person1979,51,ECE,91683
Person1980,46,MECH,63764
Person1981,44,CSE,68734
Person1982,22,ECE,82442
Person1983,50,MECH,77205
Person1984,45,MECH,67908
Person1985,51,IT,64873
Person1986,53,ECE,62659
Person1987,28,IT,34464
Person1988,28,IT,53146
Person1989,56,MECH,87764
Person1990,41,CSE,23150
Person1991,37,ECE,86237
Person1992,31,IT,65275
Person1993,45,MECH,47974
Person1994,50,IT,29124
Person1995,20,IT,81108
Person1996,42,CSE,20056
Person1997,59,IT,63443
Person1998,31,ECE,32990
Person1999,31,IT,92723
Person2000,55,MECH,34584
Person2001,22,ECE,84225
Person2002,35,CSE,65925
Person2003,38,CSE,23279
Person2004,51,MECH,77604
Person2005,25,MECH,90342
Person2006,37,MECH,37718
Person2007,26,CSE,97485
Person2008,51,MECH,83869
Person2009,45,CSE,79372
Person2010,39,CSE,46883
Person2011,35,ECE,29593
Person2012,26,MECH,54346
Person2013,56,MECH,84590
Person2014,45,IT,66932
Person2015,32,IT,71799
Person2016,36,ECE,82481
Person2017,49,IT,47106
Person2018,48,CSE,22988
Person2019,38,IT,90722
Person2020,32,ECE,69071
Person2021,46,IT,65245
Person2022,46,IT,65862
Person2023,43,MECH,88234
Person2024,22,IT,81543
Person2025,38,CSE,73609
Person2026,44,CSE,82560
Person2027,58,MECH,43081
Person2028,41,MECH,76937
Person2029,33,CSE,98001
Person2030,42,MECH,38797
Person2031,27,CSE,65680
Person2032,23,IT,74497
Person2033,47,CSE,61340
Person2034,59,ECE,97507
Person2035,53,IT,52280
Person2036,43,MECH,37427
Person2037,21,MECH,30907
Person2038,59,MECH,87942
Person2039,37,IT,74897
Person2040,31,ECE,66239
Person2041,55,IT,54463
Person2042,49,MECH,52795
Person2043,49,IT,94769
Person2044,31,MECH,74429
Person2045,59,CSE,97207
Person2046,38,MECH,84120
Person2047,41,IT,81411
Person2048,50,CSE,64290
Person2049,46,IT,39399
Person2050,26,CSE,72284
Person2051,32,IT,77278
Person2052,34,IT,61757
Person2053,57,CSE,21633
Person2054,48,MECH,96800
Person2055,34,CSE,86112
Person2056,49,MECH,48176
Person2057,49,IT,59489
Person2058,35,CSE,29869
Person2059,36,CSE,94939
Person2060,55,ECE,38450
Person2061,42,ECE,50220
Person2062,25,CSE,54284
Person2063,48,ECE,41053
Person2064,43,ECE,70774
Person2065,40,CSE,99604
Person2066,49,ECE,88420
Person2067,56,CSE,62454
Person2068,33,IT,30477
Person2069,36,IT,89054
Person2070,27,ECE,40539
Person2071,45,IT,92884
Person2072,36,ECE,51634
Person2073,33,IT,61477
Person2074,47,CSE,54935
Person2075,36,ECE,56457
Person2076,38,MECH,33198
Person2077,37,CSE,64230
Person2078,30,IT,52237
Person2079,25,ECE,87819
Person2080,53,ECE,58177
Person2081,23,ECE,97172
Person2082,32,IT,43733
Person2083,46,CSE,46265
Person2084,25,IT,22937
Person2085,46,IT,79090
Person2086,49,IT,25877
Person2087,46,IT,42829
Person2088,32,IT,92844
Person2089,20,MECH,68876
Person2090,55,ECE,64702
Person2091,33,ECE,84383
Person2092,52,IT,81719
Person2093,27,ECE,90918
Person2094,26,MECH,73221
Person2095,51,CSE,55897
Person2096,57,ECE,30452
Person2097,54,ECE,49580
Person2098,50,ECE,76419
Person2099,29,MECH,40276
Person2100,56,MECH,73677
Person2101,46,ECE,30673
Person2102,26,CSE,24833
Person2103,25,MECH,49193
Person2104,54,CSE,38390
Person2105,31,IT,89758
Person2106,50,IT,50261
Person2107,25,CSE,53504
Person2108,31,ECE,52280
Person2109,31,CSE,45383
Person2110,31,ECE,93418
Person2111,46,CSE,79130
Person2112,56,IT,32707
Person2113,56,CSE,37246
Person2114,49,MECH,26480
Person2115,28,MECH,40502
Person2116,58,CSE,72525
Person2117,41,IT,94872
Person2118,41,CSE,58531
Person2119,48,IT,26527
Person2120,50,MECH,23790
Person2121,58,MECH,53170
Person2122,43,IT,41175
Person2123,44,ECE,66140
Person2124,49,ECE,29463
Person2125,30,CSE,38420
Person2126,32,IT,64466
Person2127,45,ECE,42480
Person2128,22,IT,49176
Person2129,32,ECE,37747
Person2130,48,IT,24120
Person2131,59,IT,47614
Person2132,40,ECE,46377
Person2133,35,ECE,91880
Person2134,37,IT,91417
Person2135,47,CSE,54526
Person2136,41,CSE,43038
Person2137,20,ECE,53426
Person2138,41,MECH,68631
Person2139,36,CSE,50926
Person2140,48,ECE,80491
Person2141,55,IT,97129
Person2142,58,CSE,52267
Person2143,44,CSE,29383
Person2144,34,ECE,29665
Person2145,37,CSE,89750
Person2146,27,CSE,53287
Person2147,57,CSE,46172
Person2148,53,CSE,69551
Person2149,54,IT,96520
Person2150,33,CSE,53972
Person2151,32,MECH,45218
Person2152,54,MECH,89017
Person2153,41,MECH,26629
Person2154,48,MECH,87541
Person2155,39,ECE,61603
Person2156,37,IT,21612
Person2157,45,CSE,38229
Person2158,52,CSE,74337
Person2159,33,IT,80239
Person2160,52,CSE,35649
Person2161,29,CSE,72584
Person2162,36,CSE,99141
Person2163,56,CSE,74917
Person2164,58,CSE,76195
Person2165,56,MECH,35479
Person2166,32,MECH,70999
Person2167,53,CSE,76690
Person2168,57,IT,28851
Person2169,59,CSE,44906
Person2170,20,MECH,90607
Person2171,49,IT,99893
Person2172,59,MECH,33856
Person2173,50,ECE,78541
Person2174,29,CSE,60129
Person2175,50,CSE,67232
Person2176,24,IT,60874
Person2177,39,ECE,89369
Person2178,45,CSE,55608
Person2179,38,MECH,67144
Person2180,47,MECH,73541
Person2181,29,CSE,64219
Person2182,44,CSE,90370
Person2183,45,CSE,38985
Person2184,45,CSE,95840
Person2185,31,MECH,74248
Person2186,32,CSE,96804
Person2187,30,MECH,49971
Person2188,38,CSE,58307
Person2189,43,IT,23446
Person2190,34,MECH,93918
Person2191,36,ECE,85284
Person2192,31,ECE,43704
Person2193,28,CSE,24149
Person2194,46,CSE,75747
Person2195,52,MECH,73784
Person2196,31,CSE,62214
Person2197,54,MECH,32537
Person2198,42,ECE,93471
Person2199,26,CSE,54605
Person2200,34,MECH,77965
Person2201,20,MECH,88727
Person2202,21,MECH,63866
Person2203,33,CSE,27553
Person2204,38,MECH,91017
Person2205,51,IT,73372
Person2206,25,ECE,91550
Person2207,53,IT,69009
Person2208,29,MECH,92596
Person2209,25,ECE,89402
Person2210,47,IT,37250
Person2211,50,IT,33818
Person2212,44,CSE,32818
Person2213,24,IT,83983
Person2214,24,CSE,39230
Person2215,35,CSE,56009
Person2216,38,CSE,83038
Person2217,59,ECE,54291
Person2218,31,IT,24948
Person2219,27,MECH,48942
Person2220,57,MECH,27567
Person2221,26,CSE,50845
Person2222,21,MECH,78937
Person2223,36,ECE,61596
Person2224,36,ECE,73990
Person2225,44,ECE,28543
Person2226,55,CSE,80011
Person2227,57,IT,54005
Person2228,31,MECH,42959
Person2229,59,ECE,72158
Person2230,45,CSE,30786
Person2231,22,IT,59855
Person2232,57,ECE,53774
Person2233,25,ECE,33266
Person2234,43,MECH,96176
Person2235,51,CSE,49044
Person2236,29,MECH,23261
Person2237,30,IT,55436
Person2238,39,ECE,97332
Person2239,55,CSE,73509
Person2240,28,CSE,70939
Person2241,46,CSE,92061
Person2242,38,MECH,26713
Person2243,24,ECE,64030
Person2244,48,CSE,45665
Person2245,53,MECH,74109
Person2246,43,CSE,88218
Person2247,27,ECE,26175
Person2248,26,IT,32654
Person2249,36,CSE,96357
Person2250,40,CSE,59356
Person2251,42,ECE,45216
Person2252,29,MECH,32179
Person2253,40,CSE,48343
Person2254,31,IT,20399
Person2255,47,CSE,37827
Person2256,51,IT,34640
Person2257,46,MECH,26773
Person2258,20,CSE,97522
Person2259,59,CSE,83203
Person2260,20,CSE,95230
Person2261,59,ECE,39239
Person2262,21,ECE,43073
Person2263,40,MECH,42615
Person2264,24,ECE,64680
Person2265,23,MECH,34543
Person2266,47,ECE,38838
Person2267,49,ECE,97990
Person2268,24,ECE,48173
Person2269,59,ECE,82482
Person2270,32,IT,38316
Person2271,32,CSE,94391
Person2272,31,ECE,75506
Person2273,38,IT,88937
Person2274,27,MECH,61309
Person2275,36,CSE,92503
Person2276,28,IT,49012
Person2277,22,CSE,58322
Person2278,34,CSE,24926
Person2279,46,ECE,33643
Person2280,50,MECH,81695
Person2281,34,CSE,46150
Person2282,32,IT,28160
Person2283,51,CSE,43396
Person2284,47,IT,48224
Person2285,53,CSE,77370
Person2286,56,ECE,27240
Person2287,52,MECH,22053
Person2288,57,ECE,77929
Person2289,36,MECH,31363
Person2290,35,MECH,53572
Person2291,32,MECH,74630
Person2292,29,ECE,61132
Person2293,49,IT,29875
Person2294,48,MECH,77774
Person2295,52,ECE,23863
Person2296,26,MECH,38585
Person2297,39,IT,28737
Person2298,28,IT,61007
Person2299,55,MECH,75253
Person2300,30,IT,71992
Person2301,25,IT,31146
Person2302,42,ECE,47468
Person2303,55,MECH,31704
Person2304,56,CSE,47415
Person2305,23,ECE,38424
Person2306,33,IT,79231
Person2307,26,ECE,80072
Person2308,32,IT,85471
Person2309,41,ECE,36028
Person2310,31,CSE,21079
Person2311,22,CSE,22830
Person2312,40,MECH,87478
Person2313,22,ECE,92469
Person2314,29,MECH,36941
Person2315,20,CSE,90105
Person2316,23,ECE,62379
Person2317,37,CSE,34785
Person2318,54,ECE,45034
Person2319,50,IT,41227
Person2320,23,CSE,81089
Person2321,21,MECH,35084
Person2322,33,CSE,34645
Person2323,46,MECH,77562
Person2324,49,IT,44176
Person2325,52,ECE,40000
Person2326,33,CSE,84624
Person2327,26,MECH,94515
Person2328,21,ECE,64429
Person2329,25,IT,86211
Person2330,22,IT,87301
Person2331,54,MECH,67072
Person2332,30,MECH,86375
Person2333,52,MECH,20715
Person2334,42,MECH,22825
Person2335,41,ECE,90693
Person2336,38,IT,31234
Person2337,52,ECE,78220
Person2338,21,CSE,53610
Person2339,23,MECH,83032
Person2340,36,MECH,73216
Person2341,35,IT,25746
Person2342,41,ECE,46946
Person2343,49,ECE,76684
Person2344,43,MECH,93724
Person2345,30,ECE,84367
Person2346,33,IT,91349
Person2347,50,ECE,96530
Person2348,28,IT,91537
Person2349,40,ECE,66437
Person2350,41,CSE,46891
Person2351,50,IT,60643
Person2352,48,MECH,83655
Person2353,38,MECH,54031
Person2354,32,MECH,86466
Person2355,34,ECE,76103
Person2356,36,IT,36745
Person2357,28,ECE,93665
Person2358,45,IT,87700
Person2359,28,ECE,67980
Person2360,45,CSE,35528
Person2361,50,CSE,38182
Person2362,58,IT,87155
Person2363,24,MECH,21405
Person2364,50,ECE,58688
Person2365,23,IT,69529
Person2366,33,MECH,38600
Person2367,27,MECH,89167
Person2368,26,MECH,61785
Person2369,27,CSE,25278
Person2370,21,CSE,45613
Person2371,52,MECH,51805
Person2372,22,CSE,37824
Person2373,35,MECH,95203
Person2374,47,CSE,48840
Person2375,59,ECE,60134
Person2376,54,MECH,62820
Person2377,25,MECH,37652
Person2378,59,IT,65433
Person2379,46,MECH,48292
Person2380,27,CSE,20825
Person2381,37,IT,52651
Person2382,56,CSE,66707
Person2383,35,CSE,29383
Person2384,27,IT,82350
Person2385,55,CSE,72863
Person2386,58,MECH,44797
Person2387,59,ECE,67373
Person2388,58,IT,44292
Person2389,54,CSE,71817
Person2390,38,CSE,32315
Person2391,27,ECE,68863
Person2392,44,ECE,24407
Person2393,28,IT,21333
Person2394,38,MECH,40344
Person2395,46,CSE,33957
Person2396,57,IT,59257
Person2397,31,ECE,33245
Person2398,30,IT,39556
Person2399,49,IT,27836
Person2400,20,CSE,90952
Person2401,42,MECH,78838
Person2402,49,ECE,37412
Person2403,42,ECE,29610
Person2404,35,ECE,88020
Person2405,53,MECH,73455
Person2406,34,ECE,90867
Person2407,48,CSE,34271
Person2408,38,ECE,48701
Person2409,21,CSE,29464
Person2410,41,IT,53868
Person2411,21,MECH,33002
Person2412,57,ECE,20332
Person2413,44,ECE,60672
Person2414,34,CSE,98324
Person2415,39,ECE,71638
Person2416,44,IT,80554
Person2417,30,CSE,84953
Person2418,31,CSE,97777
Person2419,36,IT,30284
Person2420,30,MECH,40060
Person2421,50,CSE,69294
Person2422,24,ECE,85683
Person2423,53,MECH,81907
Person2424,33,ECE,78210
Person2425,42,ECE,44992
Person2426,26,MECH,49186
Person2427,35,MECH,26377
Person2428,50,IT,45112
Person2429,30,CSE,32475
Person2430,25,ECE,95052
Person2431,40,CSE,27324
Person2432,26,MECH,49072
Person2433,32,MECH,90976
Person2434,38,ECE,96467
Person2435,42,MECH,50136
Person2436,45,ECE,57233
Person2437,47,CSE,61867
Person2438,53,MECH,85777
Person2439,22,ECE,81495
Person2440,34,ECE,61928
Person2441,20,ECE,49719
Person2442,20,IT,49790
Person2443,28,CSE,71928
Person2444,43,ECE,86821
Person2445,55,MECH,26134
Person2446,50,CSE,81507
Person2447,45,CSE,58472
Person2448,51,MECH,31616
Person2449,26,MECH,27721
Person2450,53,MECH,46963
Person2451,55,CSE,39862
Person2452,23,IT,28329
Person2453,38,ECE,43467
Person2454,53,CSE,86697
Person2455,39,ECE,77406
Person2456,53,CSE,36722
Person2457,57,ECE,73928
Person2458,38,ECE,56135
Person2459,22,ECE,79766
Person2460,33,ECE,39783
Person2461,28,IT,24940
Person2462,38,IT,45027
Person2463,43,ECE,99513
Person2464,38,IT,64467
Person2465,27,IT,24353
Person2466,32,IT,98031
Person2467,47,CSE,86059
Person2468,21,ECE,63495
Person2469,28,ECE,79221
Person2470,55,CSE,34781
Person2471,23,CSE,67340
Person2472,36,MECH,93039
Person2473,28,ECE,55108
Person2474,24,IT,23116
Person2475,36,MECH,80570
Person2476,40,CSE,78407
Person2477,27,IT,79188
Person2478,23,ECE,71874
Person2479,25,MECH,30974
Person2480,46,IT,29163
Person2481,54,MECH,83410
Person2482,27,CSE,88410
Person2483,32,CSE,26284
Person2484,33,ECE,66482
Person2485,34,CSE,60043
Person2486,29,CSE,48003
Person2487,22,IT,71606
Person2488,41,CSE,93136
Person2489,34,CSE,85735
Person2490,33,MECH,32247
Person2491,30,CSE,57048
Person2492,57,ECE,94858
Person2493,44,IT,38948
Person2494,36,MECH,88324
Person2495,28,IT,59252
Person2496,52,ECE,61710
Person2497,55,MECH,40016
Person2498,21,CSE,93542
Person2499,57,ECE,62298
Person2500,47,CSE,65989
Person2501,23,IT,57000
Person2502,50,CSE,27144
Person2503,24,CSE,82440
Person2504,22,ECE,46287
Person2505,24,ECE,39207
Person2506,38,ECE,82563
Person2507,44,ECE,35998
Person2508,36,ECE,74619
Person2509,24,IT,57934
Person2510,27,MECH,83995
Person2511,54,IT,24040
Person2512,58,IT,81966
Person2513,50,MECH,38347
Person2514,24,IT,89649
Person2515,52,CSE,48296
Person2516,47,IT,20559
Person2517,41,ECE,59010
Person2518,25,MECH,24378
Person2519,59,CSE,41554
Person2520,37,CSE,77334
Person2521,21,IT,64850
Person2522,28,ECE,76700
Person2523,36,CSE,90273
Person2524,22,MECH,57440
Person2525,32,CSE,63498
Person2526,38,ECE,24660
Person2527,57,MECH,42947
Person2528,23,MECH,77938
Person2529,43,ECE,24958
Person2530,56,ECE,48737
Person2531,52,IT,30933
Person2532,56,CSE,88589
Person2533,26,CSE,64897
Person2534,52,CSE,71557
Person2535,59,IT,74696
Person2536,33,ECE,37944
Person2537,39,CSE,23973
Person2538,41,CSE,51821
Person2539,39,CSE,34843
Person2540,31,IT,45759
Person2541,58,ECE,45526
Person2542,58,CSE,82560
Person2543,35,CSE,45581
Person2544,52,MECH,32108
Person2545,35,MECH,96672
Person2546,51,IT,23925
Person2547,43,CSE,36301
Person2548,38,CSE,47781
Person2549,25,CSE,25001
Person2550,46,ECE,91954
Person2551,32,MECH,48241
Person2552,28,MECH,82580
Person2553,27,CSE,30755
Person2554,59,MECH,61730
Person2555,24,MECH,30126
Person2556,51,CSE,38531
Person2557,54,MECH,52596
Person2558,21,ECE,89016
Person2559,43,CSE,44511
Person2560,43,ECE,80382
Person2561,34,IT,27338
Person2562,46,MECH,40123
Person2563,36,ECE,68344
Person2564,37,IT,57460
Person2565,37,ECE,60135
Person2566,52,ECE,74262
Person2567,45,CSE,26167
Person2568,35,IT,75637
Person2569,57,IT,89019
Person2570,52,CSE,81289
Person2571,57,MECH,42777
Person2572,49,IT,48075
Person2573,35,MECH,96910
Person2574,50,CSE,83198
Person2575,33,IT,94523
Person2576,30,ECE,93078
Person2577,38,ECE,54727
Person2578,58,ECE,30354
Person2579,42,IT,38285
Person2580,35,MECH,43535
Person2581,38,MECH,86788
Person2582,31,IT,42099
Person2583,46,IT,48902
Person2584,34,IT,88104
Person2585,42,IT,33084
Person2586,34,IT,73089
Person2587,32,IT,64128
Person2588,58,MECH,98756
Person2589,33,CSE,59152
Person2590,22,CSE,61698
Person2591,35,IT,88001
Person2592,41,ECE,99334
Person2593,23,IT,78342
Person2594,32,IT,75846
Person2595,26,MECH,90091
Person2596,40,IT,98378
Person2597,48,ECE,78776
Person2598,58,ECE,43390
Person2599,35,IT,71373
Person2600,54,IT,38894
Person2601,28,CSE,60014
Person2602,51,IT,55556
Person2603,42,ECE,99004
Person2604,50,IT,64346
Person2605,50,MECH,96733
Person2606,41,MECH,84650
Person2607,30,CSE,87908
Person2608,41,ECE,33541
Person2609,53,MECH,82025
Person2610,58,IT,40118
Person2611,57,CSE,66204
Person2612,27,CSE,58892
Person2613,43,MECH,40780
Person2614,24,ECE,98789
Person2615,46,IT,90035
Person2616,59,CSE,65939
Person2617,22,ECE,20865
Person2618,46,CSE,34661
Person2619,57,MECH,38195
Person2620,53,IT,97753
Person2621,35,CSE,52298
Person2622,24,ECE,23738
Person2623,56,IT,66892
Person2624,56,CSE,96034
Person2625,43,IT,64870
Person2626,59,IT,55520
Person2627,20,CSE,34065
Person2628,44,CSE,90303
Person2629,21,MECH,28383
Person2630,57,CSE,94682
Person2631,47,MECH,37786
Person2632,56,CSE,31053
Person2633,42,MECH,47896
Person2634,23,ECE,20396
Person2635,21,MECH,21124
Person2636,33,IT,34918
Person2637,49,ECE,75396
Person2638,26,MECH,85157
Person2639,54,MECH,39818
Person2640,29,IT,71561
Person2641,39,CSE,48112
Person2642,28,CSE,54636
Person2643,38,ECE,46792
Person2644,38,MECH,91315
Person2645,20,IT,60946
Person2646,42,ECE,60499
Person2647,51,CSE,88783
Person2648,57,MECH,72580
Person2649,33,MECH,31951
Person2650,55,ECE,35103
Person2651,55,CSE,47258
Person2652,59,IT,27830
Person2653,34,IT,75362
Person2654,54,MECH,59626
Person2655,42,MECH,23538
Person2656,22,ECE,52037
Person2657,30,ECE,86398
Person2658,46,CSE,92564
Person2659,26,CSE,96946
Person2660,37,ECE,93806
Person2661,50,ECE,68610
Person2662,25,CSE,94174
Person2663,39,IT,96520
Person2664,28,ECE,70822
Person2665,41,MECH,53044
Person2666,29,ECE,97287
Person2667,58,ECE,53202
Person2668,23,IT,33310
Person2669,58,MECH,28499
Person2670,51,IT,65395
Person2671,54,ECE,22835
Person2672,54,ECE,29488
Person2673,27,ECE,39560
Person2674,57,MECH,62386
Person2675,43,ECE,58250
Person2676,58,ECE,60895
Person2677,55,CSE,60614
Person2678,43,MECH,99533
Person2679,34,MECH,37406
Person2680,24,MECH,57923
Person2681,24,IT,69024
Person2682,35,IT,41915
Person2683,52,IT,34496
Person2684,40,CSE,23732
Person2685,39,IT,46096
Person2686,29,ECE,40334
Person2687,42,ECE,35656
Person2688,45,ECE,41701
Person2689,59,ECE,75733
Person2690,49,IT,86201
Person2691,44,MECH,61325
Person2692,56,IT,25323
Person2693,36,IT,78888
Person2694,57,ECE,32159
Person2695,34,MECH,24579
Person2696,25,MECH,65476
Person2697,36,ECE,54028
Person2698,25,MECH,44946
Person2699,24,MECH,97356
Person2700,55,IT,27297
Person2701,51,IT,24289
Person2702,28,MECH,66999
Person2703,53,IT,53470
Person2704,22,CSE,84123
Person2705,31,IT,23231
Person2706,48,ECE,53550
Person2707,32,ECE,31732
Person2708,49,IT,23294
Person2709,54,ECE,57002
Person2710,22,IT,78787
Person2711,20,ECE,32601
Person2712,57,ECE,87383
Person2713,40,ECE,61500
Person2714,40,ECE,58439
Person2715,38,IT,93818
Person2716,37,CSE,46333
Person2717,47,MECH,36032
Person2718,43,IT,82902
Person2719,26,ECE,28574
Person2720,45,MECH,89767
Person2721,46,ECE,86022
Person2722,24,CSE,98159
Person2723,35,MECH,56821
Person2724,51,IT,69775
Person2725,44,MECH,90608
Person2726,25,ECE,30528
Person2727,21,CSE,44489
Person2728,43,IT,57748
Person2729,38,IT,70202
Person2730,58,IT,74333
Person2731,40,ECE,93865
Person2732,57,MECH,59146
Person2733,28,ECE,33735
Person2734,37,CSE,35192
Person2735,25,CSE,84058
Person2736,42,ECE,56882
Person2737,27,MECH,70521
Person2738,39,CSE,65028
Person2739,33,MECH,85035
Person2740,27,ECE,37475
Person2741,23,IT,33655
Person2742,40,ECE,78683
Person2743,57,CSE,54726
Person2744,27,ECE,85263
Person2745,36,IT,30306
Person2746,28,ECE,41750
Person2747,52,MECH,96806
Person2748,36,IT,87493
Person2749,58,ECE,25015
Person2750,29,MECH,85348
Person2751,23,CSE,25238
Person2752,43,ECE,29624
Person2753,46,ECE,91852
Person2754,59,MECH,30081
Person2755,54,IT,44060
Person2756,55,ECE,30828
Person2757,45,ECE,67761
Person2758,34,IT,24574
Person2759,37,ECE,42998
Person2760,25,MECH,46106
Person2761,37,MECH,71900
Person2762,34,CSE,59721
Person2763,21,IT,35397
Person2764,28,ECE,57144
Person2765,41,MECH,56709
Person2766,34,ECE,48296
Person2767,59,IT,62679
Person2768,39,MECH,46091
Person2769,58,CSE,46691
Person2770,46,CSE,82668
Person2771,21,IT,40136
Person2772,28,MECH,46321
Person2773,48,ECE,31216
Person2774,41,CSE,75851
Person2775,32,CSE,76491
Person2776,40,IT,74248
Person2777,56,IT,33462
Person2778,35,ECE,56126
Person2779,21,CSE,43370
Person2780,32,ECE,81096
Person2781,57,CSE,46952
Person2782,50,MECH,53276
Person2783,53,MECH,56349
Person2784,56,IT,80863
Person2785,24,ECE,76205
Person2786,31,CSE,85598
Person2787,22,CSE,54235
Person2788,20,ECE,85568
Person2789,53,MECH,89687
Person2790,57,CSE,61912
Person2791,26,IT,74382
Person2792,48,ECE,92764
Person2793,41,IT,87078
Person2794,22,ECE,42115
Person2795,56,CSE,77308
Person2796,54,CSE,55676
Person2797,42,MECH,31890
Person2798,48,MECH,49742
Person2799,35,IT,98234
Person2800,51,IT,96631
Person2801,37,CSE,82926
Person2802,59,ECE,99228
Person2803,22,CSE,65817
Person2804,26,CSE,80605
Person2805,58,CSE,33218
Person2806,31,CSE,43901
Person2807,32,MECH,33814
Person2808,51,CSE,95005
Person2809,27,CSE,69146
Person2810,40,CSE,94608
Person2811,31,MECH,53295
Person2812,27,MECH,52275
Person2813,58,IT,74068
Person2814,27,CSE,65432
Person2815,23,CSE,49794
Person2816,46,ECE,45407
Person2817,54,MECH,61027
Person2818,25,CSE,26043
Person2819,48,CSE,35036
Person2820,41,ECE,23500
Person2821,53,CSE,32416
Person2822,25,ECE,35893
Person2823,59,IT,26051
Person2824,44,MECH,24436
Person2825,53,ECE,85571
Person2826,34,ECE,34613
Person2827,57,IT,64430
Person2828,45,MECH,27883
Person2829,25,MECH,95771
Person2830,56,IT,39117
Person2831,51,CSE,79958
Person2832,32,CSE,71294
Person2833,41,ECE,81501
Person2834,35,ECE,70331
Person2835,41,CSE,60724
Person2836,58,CSE,81770
Person2837,55,IT,85236
Person2838,28,MECH,50394
Person2839,58,MECH,95365
Person2840,37,CSE,98999
Person2841,48,ECE,77739
Person2842,50,MECH,94315
Person2843,39,MECH,28447
Person2844,38,MECH,63226
Person2845,38,MECH,72081
Person2846,54,ECE,94217
Person2847,35,IT,29634
Person2848,31,ECE,84486
Person2849,34,CSE,26177
Person2850,27,IT,48648
Person2851,35,CSE,75432
Person2852,24,ECE,43278
Person2853,23,CSE,86782
Person2854,48,CSE,94441
Person2855,23,ECE,32707
Person2856,42,CSE,40646
Person2857,51,ECE,25931
Person2858,48,IT,76807
Person2859,37,CSE,90921
Person2860,27,IT,68130
Person2861,57,ECE,30576
Person2862,53,MECH,33899
Person2863,44,ECE,22806
Person2864,23,ECE,59199
Person2865,21,CSE,77684
Person2866,32,MECH,32001
Person2867,26,IT,87817
Person2868,54,MECH,40215
Person2869,28,MECH,61157
Person2870,31,MECH,73410
Person2871,59,ECE,63194
Person2872,52,CSE,58230
Person2873,28,MECH,46948
Person2874,35,IT,54401
Person2875,40,ECE,39077
Person2876,46,IT,43561
Person2877,57,IT,80418
Person2878,54,CSE,90607
Person2879,59,MECH,87942
Person2880,21,MECH,46475
Person2881,29,ECE,45699
Person2882,42,MECH,24664
Person2883,21,IT,41905
Person2884,34,MECH,66847
Person2885,26,IT,41423
Person2886,57,IT,78677
Person2887,22,IT,24047
Person2888,25,IT,52945
Person2889,27,CSE,42486
Person2890,25,CSE,59543
Person2891,42,CSE,22052
Person2892,34,CSE,53502
Person2893,56,MECH,83072
Person2894,30,MECH,88556
Person2895,41,ECE,40474
Person2896,46,CSE,54303
Person2897,45,MECH,75212
Person2898,51,ECE,57098
Person2899,28,IT,63455
Person2900,40,CSE,47321
Person2901,52,ECE,86997
Person2902,54,CSE,70520
Person2903,44,ECE,96830
Person2904,46,IT,82385
Person2905,54,ECE,49383
Person2906,44,ECE,46225
Person2907,57,ECE,27067
Person2908,25,ECE,69796
Person2909,33,MECH,79971
Person2910,24,IT,48337
Person2911,23,MECH,21704
Person2912,38,MECH,86042
Person2913,29,ECE,37837
Person2914,36,CSE,66581
Person2915,37,MECH,24260
Person2916,44,IT,25020
Person2917,57,MECH,91851
Person2918,53,CSE,73799
Person2919,35,MECH,20423
Person2920,33,IT,28052
Person2921,50,CSE,59419
Person2922,24,CSE,74429
Person2923,41,MECH,53919
Person2924,36,ECE,89820
Person2925,27,MECH,72219
Person2926,44,MECH,69140
Person2927,32,ECE,43179
Person2928,27,CSE,74555
Person2929,46,MECH,89895
Person2930,26,ECE,23916
Person2931,46,IT,78747
Person2932,26,ECE,90378
Person2933,37,CSE,54583
Person2934,52,IT,81272
Person2935,29,MECH,48642
Person2936,50,MECH,35430
Person2937,48,IT,85271
Person2938,56,IT,44890
Person2939,26,IT,80564
Person2940,48,IT,45230
Person2941,57,ECE,51920
Person2942,50,CSE,74808
Person2943,27,MECH,47309
Person2944,52,IT,84624
Person2945,24,IT,23111
Person2946,43,MECH,20933
Person2947,39,MECH,26536
Person2948,41,MECH,40501
Person2949,40,CSE,24313
Person2950,21,CSE,50456
Person2951,40,CSE,21953
Person2952,57,IT,80501
Person2953,37,IT,32229
Person2954,31,ECE,97765
Person2955,59,ECE,88571
Person2956,23,ECE,75547
Person2957,39,CSE,83852
Person2958,40,ECE,81999
Person2959,39,ECE,87645
Person2960,56,MECH,64430
Person2961,36,IT,69904
Person2962,58,CSE,57521
Person2963,22,ECE,69925
Person2964,49,IT,50509
Person2965,43,IT,29914
Person2966,29,IT,94490
Person2967,29,MECH,75917
Person2968,48,CSE,76395
Person2969,45,IT,42402
Person2970,44,MECH,81666
Person2971,22,IT,61540
Person2972,43,IT,26131
Person2973,59,ECE,96377
Person2974,20,CSE,99343
Person2975,38,MECH,89649
Person2976,39,ECE,57997
Person2977,55,CSE,38655
Person2978,31,ECE,20881
Person2979,39,IT,78932
Person2980,48,ECE,91274
Person2981,22,ECE,28327
Person2982,52,MECH,74749
Person2983,52,MECH,22139
Person2984,48,ECE,82128
Person2985,45,IT,22253
Person2986,49,MECH,98027
Person2987,51,CSE,33619
Person2988,56,ECE,52023
Person2989,37,IT,75595
Person2990,38,CSE,87700
Person2991,45,CSE,49064
Person2992,27,MECH,98433
Person2993,54,ECE,21275
Person2994,50,ECE,57711
Person2995,45,ECE,99041
Person2996,32,CSE,41928
Person2997,33,ECE,62670
Person2998,37,CSE,55564
Person2999,46,MECH,51510
Person3000,51,MECH,81421
Person3001,46,IT,61507
Person3002,57,CSE,77106
Person3003,58,ECE,61597
Person3004,48,ECE,99791
Person3005,34,MECH,57618
Person3006,43,MECH,83686
Person3007,37,IT,69035
Person3008,45,IT,84112
Person3009,52,IT,90850
Person3010,34,CSE,38120
Person3011,40,CSE,44137
Person3012,21,IT,44125
Person3013,49,IT,58957
Person3014,39,ECE,59349
Person3015,38,CSE,20291
Person3016,41,MECH,91633
Person3017,28,MECH,88785
Person3018,43,IT,68084
Person3019,49,MECH,44472
Person3020,33,IT,86126
Person3021,25,IT,41703
Person3022,35,CSE,44464
Person3023,27,CSE,99802
Person3024,34,IT,93913
Person3025,45,CSE,66751
Person3026,24,CSE,33538
Person3027,49,IT,29843
Person3028,28,CSE,97141
Person3029,55,CSE,41241
Person3030,49,CSE,74517
Person3031,30,ECE,48258
Person3032,42,MECH,59732
Person3033,24,MECH,98884
Person3034,23,IT,67436
Person3035,58,MECH,54449
Person3036,52,IT,53252
Person3037,26,CSE,38410
Person3038,31,ECE,64519
Person3039,27,ECE,65578
Person3040,35,CSE,27600
Person3041,31,IT,52380
Person3042,33,CSE,71583
Person3043,41,ECE,24396
Person3044,27,ECE,98105
Person3045,55,CSE,88873
Person3046,49,IT,70951
Person3047,50,CSE,21255
Person3048,26,CSE,61439
Person3049,48,ECE,91878
Person3050,53,CSE,21815
Person3051,27,IT,83348
Person3052,50,CSE,87151
Person3053,34,ECE,26065
Person3054,51,ECE,38430
Person3055,39,CSE,77888
Person3056,52,CSE,92928
Person3057,25,MECH,81675
Person3058,35,CSE,62053
Person3059,30,CSE,68184
Person3060,29,ECE,61976
Person3061,32,ECE,66213
Person3062,35,ECE,81643
Person3063,25,IT,23974
Person3064,48,ECE,36760
Person3065,42,MECH,24759
Person3066,53,IT,83705
Person3067,48,CSE,78183
Person3068,25,MECH,24248
Person3069,22,ECE,28445
Person3070,36,MECH,41188
Person3071,39,CSE,39347
Person3072,29,ECE,61548
Person3073,51,CSE,59906
Person3074,43,IT,48614
Person3075,49,MECH,33133
Person3076,24,CSE,71949
Person3077,52,MECH,83187
Person3078,28,IT,71223
Person3079,37,MECH,84590
Person3080,37,ECE,93116
Person3081,52,IT,87371
Person3082,31,CSE,72122
Person3083,29,CSE,23965
Person3084,33,CSE,46764
Person3085,34,IT,54229
Person3086,27,MECH,77000
Person3087,27,MECH,87753
Person3088,29,MECH,71226
Person3089,38,ECE,49057
Person3090,33,CSE,83018
Person3091,35,IT,75665
Person3092,48,IT,83843
Person3093,29,CSE,67139
Person3094,56,CSE,71738
Person3095,50,MECH,47776
Person3096,26,CSE,51987
Person3097,32,MECH,42112
Person3098,27,IT,40549
Person3099,30,ECE,72219
Person3100,34,ECE,50693
Person3101,25,IT,30689
Person3102,20,ECE,22804
Person3103,37,CSE,88809
Person3104,48,CSE,54825
Person3105,32,IT,66115
Person3106,54,IT,92387
Person3107,34,CSE,28920
Person3108,56,IT,94991
Person3109,29,CSE,76282
Person3110,41,CSE,71212
Person3111,50,ECE,54489
Person3112,22,ECE,76498
Person3113,57,IT,36326
Person3114,34,MECH,44171
Person3115,39,CSE,96885
Person3116,45,MECH,42063
Person3117,45,IT,77571
Person3118,20,MECH,94422
Person3119,54,CSE,67439
Person3120,44,CSE,43813
Person3121,59,ECE,87909
Person3122,38,ECE,86099
Person3123,44,ECE,63509
Person3124,37,CSE,29193
Person3125,55,CSE,55317
Person3126,53,MECH,54530
Person3127,56,IT,35155
Person3128,40,MECH,52169
Person3129,51,ECE,32271
Person3130,34,IT,75405
Person3131,38,MECH,54557
Person3132,50,MECH,78443
Person3133,23,MECH,56477
Person3134,48,IT,77104
Person3135,20,MECH,78665
Person3136,43,MECH,32817
Person3137,39,MECH,55366
Person3138,38,IT,79997
Person3139,39,IT,67452
Person3140,39,ECE,37733
Person3141,36,MECH,86601
Person3142,38,CSE,35991
Person3143,42,MECH,99466
Person3144,50,IT,76548
Person3145,42,MECH,45802
Person3146,45,ECE,35564
Person3147,53,MECH,92156
Person3148,59,ECE,61879
Person3149,24,ECE,84484
Person3150,48,CSE,86534
Person3151,29,MECH,25440
Person3152,27,CSE,74703
Person3153,51,ECE,46732
Person3154,22,IT,92617
Person3155,53,IT,37523
Person3156,50,ECE,22682
Person3157,59,IT,73150
Person3158,46,CSE,64161
Person3159,54,IT,64423
Person3160,24,ECE,41064
Person3161,55,IT,59588
Person3162,26,IT,97137
Person3163,32,MECH,81085
Person3164,25,MECH,98790
Person3165,36,MECH,46664
Person3166,49,CSE,89616
Person3167,30,CSE,50620
Person3168,52,ECE,94852
Person3169,44,ECE,89250
Person3170,45,MECH,33171
Person3171,57,ECE,97776
Person3172,37,MECH,68589
Person3173,33,CSE,82108
Person3174,59,CSE,66322
Person3175,42,IT,37365
Person3176,44,IT,98779
Person3177,31,IT,29012
Person3178,28,ECE,84717
Person3179,26,MECH,36736
Person3180,28,MECH,82852
Person3181,27,ECE,53820
Person3182,49,MECH,38920
Person3183,22,MECH,38935
Person3184,45,ECE,45566
Person3185,57,ECE,92083
Person3186,50,ECE,81550
Person3187,36,IT,73657
Person3188,22,IT,70385
Person3189,53,IT,53338
Person3190,20,IT,92119
Person3191,47,ECE,41904
Person3192,46,IT,95434
Person3193,27,CSE,50452
Person3194,49,IT,47314
Person3195,27,ECE,58084
Person3196,29,ECE,79883
Person3197,52,CSE,77105
Person3198,59,CSE,81337
Person3199,30,ECE,27147
Person3200,56,MECH,32884
Person3201,56,CSE,87906
Person3202,50,IT,98469
Person3203,25,CSE,30204
Person3204,31,IT,92331
Person3205,47,ECE,40996
Person3206,59,ECE,98343
Person3207,52,CSE,99487
Person3208,36,IT,70951
Person3209,29,MECH,35216
Person3210,58,CSE,83059
Person3211,31,CSE,28091
Person3212,33,MECH,46739
Person3213,58,IT,71072
Person3214,42,CSE,25406
Person3215,30,CSE,51450
Person3216,20,MECH,83776
Person3217,37,CSE,27346
Person3218,59,ECE,49341
Person3219,37,CSE,20299
Person3220,47,ECE,72660
Person3221,30,MECH,26332
Person3222,51,ECE,42477
Person3223,51,ECE,61818
Person3224,44,ECE,37161
Person3225,50,MECH,38471
Person3226,43,CSE,86791
Person3227,35,CSE,82204
Person3228,49,CSE,26464
Person3229,53,IT,88600
Person3230,53,MECH,57454
Person3231,28,CSE,31586
Person3232,47,ECE,92535
Person3233,20,ECE,46961
Person3234,42,CSE,46056
Person3235,42,IT,31725
Person3236,34,IT,90902
Person3237,59,CSE,42935
Person3238,55,CSE,67391
Person3239,21,ECE,39136
Person3240,28,MECH,91639
Person3241,28,IT,82949
Person3242,55,ECE,60241
Person3243,40,ECE,47638
Person3244,49,CSE,72404
Person3245,52,CSE,59645
Person3246,50,CSE,95274
Person3247,23,ECE,73911
Person3248,25,MECH,22175
Person3249,35,CSE,85780
Person3250,33,CSE,35427
Person3251,49,IT,44096
Person3252,26,IT,54883
Person3253,34,MECH,36737
Person3254,29,MECH,95385
Person3255,27,MECH,98276
Person3256,26,ECE,32455
Person3257,27,CSE,45611
Person3258,42,ECE,49659
Person3259,36,MECH,73685
Person3260,37,MECH,67822
Person3261,39,MECH,74227
Person3262,49,MECH,22483
Person3263,54,CSE,61122
Person3264,41,MECH,36873
Person3265,45,IT,38275
Person3266,49,MECH,81975
Person3267,47,MECH,31316
Person3268,25,CSE,22518
Person3269,59,IT,58961
Person3270,26,ECE,78863
Person3271,36,ECE,60874
Person3272,46,ECE,32907
Person3273,36,CSE,81869
Person3274,29,IT,50537
Person3275,56,MECH,76786
Person3276,22,ECE,36165
Person3277,29,IT,92963
Person3278,59,CSE,42684
Person3279,49,ECE,97668
Person3280,23,MECH,50180
Person3281,50,CSE,78228
Person3282,58,MECH,60164
Person3283,23,IT,26120
Person3284,36,MECH,27861
Person3285,38,CSE,52409
Person3286,25,MECH,35442
Person3287,28,ECE,68704
Person3288,26,MECH,31036
Person3289,27,MECH,67215
Person3290,36,CSE,36387
Person3291,38,CSE,34515
Person3292,29,CSE,49364
Person3293,31,CSE,66635
Person3294,27,ECE,51957
Person3295,51,CSE,47974
Person3296,28,IT,47218
Person3297,56,IT,47114
Person3298,41,CSE,52296
Person3299,52,ECE,86720
Person3300,45,MECH,66238
Person3301,30,MECH,53754
Person3302,44,MECH,79963
Person3303,30,IT,62191
Person3304,24,MECH,95923
Person3305,30,MECH,65029
Person3306,31,MECH,37280
Person3307,25,MECH,65039
Person3308,20,ECE,81887
Person3309,57,MECH,37049
Person3310,40,IT,36175
Person3311,36,ECE,67956
Person3312,57,CSE,90758
Person3313,28,MECH,46769
Person3314,36,IT,60546
Person3315,53,IT,72401
Person3316,45,MECH,73081
Person3317,35,IT,31655
Person3318,30,ECE,51616
Person3319,21,ECE,99529
Person3320,23,ECE,91082
Person3321,26,ECE,81763
Person3322,51,MECH,21937
Person3323,45,IT,53380
Person3324,37,ECE,24093
Person3325,51,CSE,44108
Person3326,26,IT,89192
Person3327,28,IT,51024
Person3328,35,IT,33475
Person3329,56,ECE,77696
Person3330,44,MECH,80722
Person3331,54,MECH,72432
Person3332,29,IT,84720
Person3333,53,IT,76167
Person3334,22,IT,70773
Person3335,29,ECE,91119
Person3336,40,CSE,45930
Person3337,22,CSE,56503
Person3338,54,IT,65046
Person3339,54,IT,73561
Person3340,41,CSE,58118
Person3341,32,ECE,55320
Person3342,23,CSE,33225
Person3343,44,ECE,71047
Person3344,41,MECH,29890
Person3345,50,MECH,57985
Person3346,44,ECE,52718
Person3347,25,ECE,82133
Person3348,24,MECH,58124
Person3349,51,MECH,20420
Person3350,26,CSE,60481
Person3351,57,CSE,37256
Person3352,24,ECE,50403
Person3353,49,ECE,43715
Person3354,59,IT,33328
Person3355,37,IT,95631
Person3356,22,MECH,40285
Person3357,55,CSE,60563
Person3358,27,CSE,86250
Person3359,41,ECE,49148
Person3360,59,MECH,94983
Person3361,49,MECH,52344
Person3362,21,CSE,95742
Person3363,52,IT,56145
Person3364,26,ECE,21154
Person3365,49,MECH,89426
Person3366,44,CSE,89123
Person3367,31,IT,96986
Person3368,36,MECH,29912
Person3369,24,CSE,87533
Person3370,59,ECE,47327
Person3371,29,ECE,87332
Person3372,32,CSE,97081
Person3373,40,IT,35921
Person3374,46,IT,49698
Person3375,40,IT,41494
Person3376,40,ECE,44370
Person3377,43,MECH,67683
Person3378,54,ECE,52996
Person3379,35,ECE,72490
Person3380,53,MECH,73950
Person3381,51,ECE,36216
Person3382,58,IT,23514
Person3383,56,CSE,79702
Person3384,51,CSE,34527
Person3385,29,IT,35997
Person3386,50,IT,68107
Person3387,49,IT,41040
Person3388,31,ECE,35179
Person3389,47,ECE,44543
Person3390,30,CSE,61810
Person3391,40,ECE,87679
Person3392,51,MECH,99094
Person3393,27,ECE,78566
Person3394,33,ECE,91909
Person3395,51,CSE,62454
Person3396,38,ECE,52666
Person3397,58,MECH,85579
Person3398,20,MECH,44191
Person3399,48,MECH,85034
Person3400,52,IT,99855
Person3401,56,CSE,51186
Person3402,26,ECE,70673
Person3403,59,MECH,82514
Person3404,35,ECE,82680
Person3405,34,IT,36499
Person3406,34,CSE,97008
Person3407,45,CSE,60258
Person3408,46,ECE,23343
Person3409,38,ECE,29459
Person3410,22,IT,78207
Person3411,59,ECE,54143
Person3412,28,ECE,28635
Person3413,23,CSE,61629
Person3414,43,ECE,67963
Person3415,36,MECH,26393
Person3416,44,MECH,48008
Person3417,55,MECH,57009
Person3418,23,ECE,82426
Person3419,31,CSE,72133
Person3420,40,CSE,26961
Person3421,51,CSE,69127
Person3422,44,MECH,92203
Person3423,35,IT,24348
Person3424,44,IT,98930
Person3425,59,ECE,27627
Person3426,39,CSE,69813
Person3427,55,MECH,48108
Person3428,51,CSE,78463
Person3429,32,MECH,87414
Person3430,29,ECE,88148
Person3431,50,IT,89580
Person3432,28,MECH,85300
Person3433,33,MECH,44769
Person3434,29,ECE,57224
Person3435,44,IT,77511
Person3436,31,MECH,33470
Person3437,46,MECH,66191
Person3438,57,ECE,62416
Person3439,53,ECE,98673
Person3440,57,IT,23977
Person3441,20,ECE,27571
Person3442,38,CSE,22408
Person3443,28,ECE,63830
Person3444,56,ECE,64061
Person3445,48,ECE,67403
Person3446,32,CSE,39367
Person3447,42,CSE,44613
Person3448,44,ECE,53348
Person3449,39,ECE,23756
Person3450,38,CSE,80198
Person3451,22,ECE,24168
Person3452,38,ECE,73351
Person3453,33,CSE,56289
Person3454,52,ECE,99905
Person3455,54,ECE,75397
Person3456,50,CSE,58042
Person3457,21,IT,76014
Person3458,53,CSE,29381
Person3459,35,MECH,34477
Person3460,36,MECH,59916
Person3461,57,IT,88637
Person3462,54,MECH,85606
Person3463,22,MECH,50172
Person3464,34,IT,42693
Person3465,49,IT,97149
Person3466,41,CSE,65234
Person3467,30,IT,29452
Person3468,40,ECE,37994
Person3469,54,CSE,86916
Person3470,28,MECH,91858
Person3471,49,IT,92667
Person3472,49,CSE,20553
Person3473,55,CSE,85814
Person3474,31,IT,28956
Person3475,28,MECH,84707
Person3476,41,CSE,90519
Person3477,41,IT,48904
Person3478,36,ECE,35489
Person3479,51,ECE,77067
Person3480,51,ECE,25475
Person3481,29,MECH,66347
Person3482,51,CSE,46525
Person3483,29,ECE,53958
Person3484,36,ECE,86051
Person3485,21,CSE,99448
Person3486,33,IT,52175
Person3487,58,CSE,43236
Person3488,37,IT,86754
Person3489,48,CSE,53051
Person3490,24,ECE,35987
Person3491,45,CSE,92228
Person3492,34,ECE,99339
Person3493,49,MECH,43120
Person3494,57,CSE,32639
Person3495,41,MECH,32214
Person3496,24,IT,67890
Person3497,39,ECE,44799
Person3498,24,CSE,69848
Person3499,37,MECH,80744
Person3500,22,CSE,20455
Person3501,45,CSE,88788
Person3502,32,ECE,22333
Person3503,28,ECE,29155
Person3504,20,CSE,77988
Person3505,55,IT,69737
Person3506,53,MECH,98276
Person3507,52,IT,65382
Person3508,22,ECE,53370
Person3509,33,ECE,73503
Person3510,58,IT,80962
Person3511,43,CSE,73684
Person3512,25,ECE,49647
Person3513,25,IT,96757
Person3514,30,ECE,44129
Person3515,58,IT,47722
Person3516,26,ECE,42220
Person3517,56,ECE,43981
Person3518,47,IT,37039
Person3519,56,CSE,66498
Person3520,53,IT,78300
Person3521,33,CSE,54353
Person3522,53,ECE,93824
Person3523,26,MECH,57900
Person3524,31,MECH,57360
Person3525,28,IT,25542
Person3526,25,IT,92282
Person3527,23,MECH,31859
Person3528,27,MECH,33153
Person3529,24,ECE,94829
Person3530,35,IT,61563
Person3531,22,MECH,25463
Person3532,22,CSE,55344
Person3533,59,IT,67211
Person3534,23,ECE,20807
Person3535,22,ECE,80366
Person3536,21,ECE,73481
Person3537,25,IT,20949
Person3538,41,ECE,69476
Person3539,53,ECE,37819
Person3540,49,CSE,78753
Person3541,43,ECE,50165
Person3542,23,CSE,36171
Person3543,50,MECH,60545
Person3544,21,IT,55443
Person3545,45,ECE,47327
Person3546,36,IT,90274
Person3547,55,IT,71919
Person3548,32,CSE,58992
Person3549,45,MECH,38111
Person3550,37,MECH,65494
Person3551,40,ECE,22038
Person3552,57,IT,90780
Person3553,48,ECE,20125
Person3554,36,CSE,75907
Person3555,37,MECH,47640
Person3556,48,CSE,77528
Person3557,33,ECE,48933
Person3558,26,MECH,22092
Person3559,38,MECH,95888
Person3560,22,ECE,81279
Person3561,26,ECE,23582
Person3562,36,CSE,22630
Person3563,51,ECE,62405
Person3564,51,MECH,96527
Person3565,30,MECH,66225
Person3566,36,ECE,20857
Person3567,26,CSE,75942
Person3568,50,MECH,54221
Person3569,29,MECH,71098
Person3570,51,CSE,48026
Person3571,53,MECH,20651
Person3572,47,CSE,21468
Person3573,33,ECE,70548
Person3574,58,MECH,70813
Person3575,47,MECH,45791
Person3576,45,MECH,26583
Person3577,54,IT,81829
Person3578,55,CSE,32099
Person3579,23,IT,35069
Person3580,55,ECE,56187
Person3581,50,ECE,77296
Person3582,28,IT,99609
Person3583,32,ECE,70039
Person3584,50,CSE,96831
Person3585,28,MECH,72183
Person3586,38,MECH,87830
Person3587,47,MECH,34075
Person3588,46,CSE,24510
Person3589,56,MECH,73533
Person3590,24,CSE,98011
Person3591,31,MECH,78958
Person3592,59,MECH,47455
Person3593,42,IT,59152
Person3594,29,IT,28976
Person3595,31,CSE,47229
Person3596,33,CSE,74633
Person3597,42,MECH,33324
Person3598,31,IT,58529
Person3599,44,CSE,43196
Person3600,37,ECE,59264
Person3601,44,ECE,81106
Person3602,26,ECE,90789
Person3603,44,MECH,52752
Person3604,56,ECE,86174
Person3605,25,ECE,76217
Person3606,33,IT,93744
Person3607,47,ECE,79207
Person3608,44,CSE,64065
Person3609,46,IT,73933
Person3610,42,ECE,45412
Person3611,47,IT,73883
Person3612,44,IT,76710
Person3613,22,MECH,68864
Person3614,50,CSE,28240
Person3615,37,IT,61473
Person3616,22,MECH,76870
Person3617,36,ECE,35825
Person3618,37,IT,82990
Person3619,23,IT,87424
Person3620,59,IT,63098
Person3621,28,CSE,97141
Person3622,33,MECH,88626
Person3623,37,ECE,57318
Person3624,53,CSE,90745
Person3625,49,ECE,94659
Person3626,50,CSE,28651
Person3627,29,CSE,99839
Person3628,53,MECH,20397
Person3629,53,MECH,58895
Person3630,38,ECE,95037
Person3631,41,CSE,77948
Person3632,21,IT,41341
Person3633,50,MECH,71503
Person3634,58,MECH,37173
Person3635,38,CSE,38981
Person3636,41,CSE,92930
Person3637,39,CSE,23767
Person3638,23,CSE,96975
Person3639,44,IT,56268
Person3640,48,ECE,25180
Person3641,57,MECH,82976
Person3642,57,IT,23859
Person3643,39,IT,46010
Person3644,58,ECE,39263
Person3645,41,ECE,82755
Person3646,45,ECE,51734
Person3647,44,CSE,72384
Person3648,59,IT,25773
Person3649,49,MECH,75643
Person3650,24,ECE,76870
Person3651,22,MECH,42859
Person3652,36,MECH,90502
Person3653,40,CSE,57603
Person3654,46,MECH,73378
Person3655,39,IT,34536
Person3656,40,MECH,94626
Person3657,56,MECH,39726
Person3658,33,CSE,70089
Person3659,39,MECH,27188
Person3660,42,IT,23578
Person3661,38,ECE,30141
Person3662,58,MECH,95423
Person3663,58,MECH,36841
Person3664,40,CSE,90365
Person3665,38,ECE,66418
Person3666,43,IT,27092
Person3667,27,IT,55296
Person3668,37,ECE,58341
Person3669,28,ECE,41355
Person3670,25,IT,68328
Person3671,23,CSE,88888
Person3672,43,ECE,90698
Person3673,20,CSE,62011
Person3674,45,CSE,91480
Person3675,37,MECH,93848
Person3676,34,ECE,27042
Person3677,50,IT,70797
Person3678,41,IT,81862
Person3679,49,IT,21263
Person3680,48,MECH,68272
Person3681,21,MECH,93078
Person3682,28,MECH,41457
Person3683,42,IT,88597
Person3684,59,CSE,94711
Person3685,26,MECH,70821
Person3686,24,CSE,70359
Person3687,57,ECE,62781
Person3688,58,ECE,52721
Person3689,26,MECH,56234
Person3690,36,IT,61790
Person3691,45,CSE,58573
Person3692,27,MECH,86084
Person3693,33,CSE,81537
Person3694,35,CSE,47807
Person3695,45,ECE,61051
Person3696,32,MECH,37218
Person3697,36,CSE,34081
Person3698,31,ECE,49507
Person3699,50,IT,24654
Person3700,26,ECE,88367
Person3701,29,IT,30094
Person3702,29,IT,46124
Person3703,56,ECE,40115
Person3704,57,MECH,36546
Person3705,40,MECH,49418
Person3706,26,ECE,77540
Person3707,50,ECE,91393
Person3708,39,ECE,35098
Person3709,53,CSE,39126
Person3710,34,CSE,57571
Person3711,59,ECE,45567
Person3712,52,IT,83999
Person3713,28,CSE,37841
Person3714,49,CSE,52192
Person3715,31,ECE,63659
Person3716,33,MECH,50520
Person3717,30,CSE,69366
Person3718,47,CSE,83960
Person3719,30,CSE,62570
Person3720,45,ECE,56546
Person3721,43,CSE,96148
Person3722,50,IT,98541
Person3723,59,IT,99630
Person3724,20,ECE,21315
Person3725,59,CSE,86991
Person3726,24,CSE,91898
Person3727,41,ECE,84423
Person3728,33,ECE,79964
Person3729,45,MECH,49284
Person3730,48,ECE,78079
Person3731,54,ECE,66382
Person3732,36,ECE,86517
Person3733,57,MECH,48117
Person3734,32,MECH,79409
Person3735,28,CSE,82748
Person3736,35,ECE,86709
Person3737,41,MECH,33746
Person3738,46,MECH,89099
Person3739,53,MECH,37333
Person3740,28,MECH,94966
Person3741,32,MECH,23095
Person3742,57,ECE,37888
Person3743,37,MECH,68715
Person3744,29,ECE,63468
Person3745,59,ECE,75083
Person3746,37,CSE,52285
Person3747,59,ECE,20268
Person3748,56,CSE,69414
Person3749,56,CSE,60862
Person3750,43,ECE,60693
Person3751,51,MECH,50149
Person3752,58,IT,91241
Person3753,30,CSE,83390
Person3754,21,IT,34497
Person3755,32,ECE,23111
Person3756,45,MECH,34508
Person3757,41,MECH,23885
Person3758,23,IT,76743
Person3759,42,CSE,69616
Person3760,26,IT,57038
Person3761,40,CSE,67331
Person3762,43,IT,84667
Person3763,45,MECH,86487
Person3764,36,ECE,54761
Person3765,36,ECE,67381
Person3766,47,CSE,66153
Person3767,49,IT,95949
Person3768,52,MECH,80920
Person3769,33,IT,45150
Person3770,36,MECH,90955
Person3771,33,IT,51833
Person3772,41,IT,80618
Person3773,25,ECE,98213
Person3774,37,MECH,84714
Person3775,27,ECE,28601
Person3776,41,IT,36456
Person3777,54,MECH,83672
Person3778,59,ECE,29867
Person3779,37,MECH,20925
Person3780,22,ECE,40647
Person3781,29,MECH,58921
Person3782,24,ECE,30273
Person3783,50,ECE,32272
Person3784,59,IT,47110
Person3785,42,CSE,67908
Person3786,27,IT,63554
Person3787,20,CSE,83853
Person3788,59,CSE,98459
Person3789,32,CSE,22643
Person3790,24,CSE,75063
Person3791,27,CSE,33101
Person3792,30,IT,48837
Person3793,46,IT,47408
Person3794,55,MECH,76059
Person3795,31,CSE,40463
Person3796,47,IT,91567
Person3797,22,MECH,50657
Person3798,20,MECH,85206
Person3799,22,IT,96149
Person3800,56,ECE,60851
Person3801,43,ECE,28096
Person3802,52,IT,76112
Person3803,20,MECH,53862
Person3804,20,MECH,47068
Person3805,53,MECH,56567
Person3806,24,IT,43983
Person3807,26,ECE,42427
Person3808,40,CSE,99171
Person3809,44,ECE,42280
Person3810,29,MECH,56690
Person3811,37,IT,77180
Person3812,46,ECE,37675
Person3813,37,MECH,69427
Person3814,35,IT,91641
Person3815,22,IT,85026
Person3816,38,IT,22285
Person3817,52,IT,52405
Person3818,45,MECH,20021
Person3819,55,ECE,68536
Person3820,25,ECE,46011
Person3821,20,MECH,91487
Person3822,41,CSE,34042
Person3823,27,MECH,88106
Person3824,43,MECH,47383
Person3825,56,MECH,93601
Person3826,33,ECE,35967
Person3827,41,MECH,41518
Person3828,47,CSE,48083
Person3829,26,MECH,98833
Person3830,55,IT,78715
Person3831,28,IT,85311
Person3832,52,IT,64232
Person3833,46,ECE,83584
Person3834,25,CSE,70150
Person3835,48,MECH,73406
Person3836,27,CSE,86977
Person3837,43,ECE,98661
Person3838,58,MECH,66065
Person3839,58,MECH,55325
Person3840,54,MECH,72250
Person3841,39,IT,79323
Person3842,42,CSE,98906
Person3843,32,IT,75904
Person3844,56,MECH,96364
Person3845,39,ECE,78567
Person3846,50,ECE,96134
Person3847,34,MECH,80117
Person3848,49,MECH,90795
Person3849,28,ECE,35260
Person3850,49,CSE,99404
Person3851,21,CSE,47924
Person3852,24,ECE,83806
Person3853,34,ECE,51380
Person3854,39,MECH,56641
Person3855,48,IT,79839
Person3856,34,CSE,63249
Person3857,20,ECE,77299
Person3858,33,CSE,26323
Person3859,37,IT,86669
Person3860,41,MECH,52676
Person3861,45,CSE,83081
Person3862,29,ECE,42842
Person3863,44,MECH,67682
Person3864,45,IT,67061
Person3865,51,MECH,31195
Person3866,40,ECE,57936
Person3867,52,MECH,70836
Person3868,28,MECH,86892
Person3869,48,MECH,90964
Person3870,21,CSE,50761
Person3871,24,MECH,71453
Person3872,54,CSE,33974
Person3873,39,IT,91650
Person3874,44,IT,89446
Person3875,44,MECH,99924
Person3876,47,MECH,58899
Person3877,29,CSE,48736
Person3878,27,IT,80628
Person3879,21,ECE,77863
Person3880,54,ECE,36964
Person3881,28,MECH,63196
Person3882,43,IT,71504
Person3883,38,ECE,56397
Person3884,26,MECH,49694
Person3885,36,MECH,39189
Person3886,23,ECE,52926
Person3887,27,MECH,39673
Person3888,25,IT,44032
Person3889,52,ECE,34797
Person3890,42,IT,50108
Person3891,57,IT,70518
Person3892,37,IT,50212
Person3893,28,MECH,31364
Person3894,44,IT,84089
Person3895,57,MECH,54510
Person3896,41,IT,66705
Person3897,20,MECH,61866
Person3898,32,IT,60502
Person3899,56,IT,55058
Person3900,40,IT,80453
Person3901,58,MECH,88394
Person3902,40,MECH,92310
Person3903,20,IT,55453
Person3904,54,ECE,47272
Person3905,50,CSE,26626
Person3906,48,IT,55418
Person3907,58,MECH,99375
Person3908,27,ECE,40820
Person3909,56,MECH,87598
Person3910,29,CSE,80529
Person3911,58,ECE,72803
Person3912,27,ECE,65221
Person3913,42,ECE,80505
Person3914,51,IT,27872
Person3915,23,MECH,30255
Person3916,22,CSE,35656
Person3917,53,ECE,81273
Person3918,22,CSE,54564
Person3919,44,IT,36619
Person3920,57,ECE,23590
Person3921,44,ECE,59118
Person3922,39,ECE,51892
Person3923,36,CSE,34238
Person3924,45,IT,21863
Person3925,42,MECH,80302
Person3926,40,ECE,82346
Person3927,26,ECE,39674
Person3928,46,MECH,59496
Person3929,49,CSE,40256
Person3930,48,IT,52709
Person3931,23,MECH,28737
Person3932,48,CSE,95700
Person3933,49,MECH,77648
Person3934,27,IT,92085
Person3935,53,CSE,43667
Person3936,40,MECH,89831
Person3937,38,MECH,61462
Person3938,48,IT,35850
Person3939,40,MECH,46579
Person3940,41,MECH,84921
Person3941,32,IT,81976
Person3942,57,IT,77618
Person3943,58,ECE,38118
Person3944,25,MECH,71821
Person3945,49,CSE,95266
Person3946,20,IT,23900
Person3947,34,IT,45707
Person3948,58,ECE,26428
Person3949,26,MECH,28308
Person3950,35,IT,99824
Person3951,28,CSE,39224
Person3952,49,MECH,34349
Person3953,38,IT,25915
Person3954,43,IT,98480
Person3955,57,CSE,57499
Person3956,40,IT,83310
Person3957,49,IT,40020
Person3958,23,CSE,71272
Person3959,28,MECH,90883
Person3960,57,MECH,73690
Person3961,54,IT,61370
Person3962,46,CSE,36843
Person3963,35,IT,38669
Person3964,27,MECH,67748
Person3965,54,ECE,56101
Person3966,51,ECE,23715
Person3967,29,IT,35679
Person3968,43,IT,54561
Person3969,44,ECE,34298
Person3970,39,IT,64315
Person3971,57,MECH,44052
Person3972,24,CSE,43321
Person3973,30,MECH,28664
Person3974,23,IT,60258
Person3975,47,CSE,35091
Person3976,45,CSE,70432
Person3977,59,CSE,95043
Person3978,41,MECH,92978
Person3979,26,CSE,73344
Person3980,38,IT,84596
Person3981,23,CSE,93688
Person3982,46,CSE,74540
Person3983,46,ECE,40547
Person3984,54,IT,60066
Person3985,33,IT,88561
Person3986,32,ECE,73438
Person3987,22,MECH,48981
Person3988,36,IT,33473
Person3989,39,IT,31535
Person3990,50,CSE,50162
Person3991,50,IT,84376
Person3992,25,IT,64207
Person3993,31,MECH,24772
Person3994,40,MECH,93474
Person3995,33,ECE,52388
Person3996,21,IT,51247
Person3997,53,IT,85545
Person3998,49,MECH,50156
Person3999,40,MECH,69374
Person4000,32,ECE,93694
Person4001,53,MECH,61445
Person4002,21,CSE,69128
Person4003,37,IT,48290
Person4004,52,MECH,91253
Person4005,58,MECH,26004
Person4006,30,CSE,42108
Person4007,46,MECH,99277
Person4008,27,CSE,58729
Person4009,24,IT,33981
Person4010,34,MECH,53099
Person4011,55,ECE,40424
Person4012,47,IT,62022
Person4013,39,IT,38873
Person4014,31,CSE,51946
Person4015,25,CSE,92635
Person4016,30,ECE,26589
Person4017,26,CSE,81095
Person4018,27,MECH,26255
Person4019,47,MECH,56586
Person4020,25,MECH,73466
Person4021,21,CSE,96433
Person4022,41,IT,40006
Person4023,31,IT,24222
Person4024,38,MECH,80067
Person4025,25,CSE,91493
Person4026,28,ECE,65204
Person4027,37,MECH,24834
Person4028,47,MECH,60053
Person4029,36,CSE,51290
Person4030,41,IT,56118
Person4031,40,IT,24320
Person4032,30,MECH,45388
Person4033,31,ECE,99917
Person4034,37,MECH,23663
Person4035,21,CSE,93151
Person4036,47,MECH,61402
Person4037,44,CSE,66783
Person4038,32,CSE,94681
Person4039,34,MECH,37427
Person4040,33,MECH,98752
Person4041,46,IT,42142
Person4042,50,MECH,47927
Person4043,24,IT,55963
Person4044,36,IT,68122
Person4045,20,ECE,45822
Person4046,38,IT,83448
Person4047,29,ECE,21705
Person4048,33,MECH,73328
Person4049,38,CSE,72500
Person4050,32,CSE,62764
Person4051,35,MECH,69074
Person4052,50,ECE,79814
Person4053,52,MECH,92344
Person4054,20,CSE,37470
Person4055,35,ECE,58148
Person4056,53,MECH,64975
Person4057,41,MECH,47576
Person4058,28,IT,97908
Person4059,43,IT,60921
Person4060,25,IT,67411
Person4061,20,CSE,35575
Person4062,45,MECH,53263
Person4063,40,CSE,70043
Person4064,50,ECE,54267
Person4065,33,CSE,81602
Person4066,54,ECE,30937
Person4067,36,CSE,32276
Person4068,49,MECH,47119
Person4069,24,CSE,45470
Person4070,23,MECH,85236
Person4071,51,MECH,89424
Person4072,53,CSE,57756
Person4073,57,CSE,60442
Person4074,32,IT,43549
Person4075,20,MECH,62546
Person4076,59,ECE,76517
Person4077,44,IT,77792
Person4078,29,CSE,97517
Person4079,50,IT,66231
Person4080,56,CSE,47225
Person4081,31,MECH,25566
Person4082,50,CSE,75033
Person4083,51,CSE,84316
Person4084,40,ECE,64192
Person4085,45,CSE,93826
Person4086,30,ECE,45352
Person4087,57,CSE,24262
Person4088,59,CSE,70651
Person4089,59,IT,29699
Person4090,49,IT,26729
Person4091,21,IT,76158
Person4092,34,CSE,54751
Person4093,37,ECE,68357
Person4094,58,ECE,79817
Person4095,41,ECE,50601
Person4096,41,ECE,68886
Person4097,25,MECH,63139
Person4098,51,ECE,66401
Person4099,33,ECE,76267
Person4100,23,IT,50430
Person4101,59,IT,60358
Person4102,27,ECE,67291
Person4103,20,CSE,31215
Person4104,23,MECH,36926
Person4105,38,ECE,27154
Person4106,24,IT,35841
Person4107,53,ECE,55108
Person4108,40,CSE,95009
Person4109,32,CSE,93830
Person4110,20,CSE,81028
Person4111,39,ECE,64622
Person4112,26,ECE,36201
Person4113,59,IT,48657
Person4114,31,IT,81302
Person4115,38,CSE,92696
Person4116,20,IT,97000
Person4117,25,MECH,51090
Person4118,28,ECE,58930
Person4119,22,ECE,60731
Person4120,49,ECE,24499
Person4121,57,CSE,29319
Person4122,59,IT,23617
Person4123,30,CSE,78992
Person4124,51,CSE,37947
Person4125,40,ECE,76024
Person4126,21,CSE,50022
Person4127,23,CSE,83539
Person4128,41,ECE,29242
Person4129,36,ECE,46015
Person4130,20,CSE,36385
Person4131,57,IT,54884
Person4132,49,IT,64958
Person4133,40,MECH,33467
Person4134,59,MECH,73359
Person4135,58,IT,97160
Person4136,58,ECE,23462
Person4137,30,ECE,26886
Person4138,55,CSE,96177
Person4139,40,MECH,71921
Person4140,49,CSE,93571
Person4141,54,MECH,76420
Person4142,26,IT,77385
Person4143,37,CSE,32618
Person4144,25,MECH,60946
Person4145,31,ECE,49225
Person4146,36,ECE,86690
Person4147,54,MECH,23450
Person4148,54,CSE,21453
Person4149,35,IT,64528
Person4150,33,ECE,97635
Person4151,41,ECE,99595
Person4152,56,IT,67483
Person4153,59,CSE,54390
Person4154,29,ECE,41833
Person4155,27,IT,99200
Person4156,48,ECE,34658
Person4157,32,CSE,30098
Person4158,27,ECE,60667
Person4159,21,IT,51396
Person4160,36,IT,59664
Person4161,35,IT,92157
Person4162,42,ECE,41584
Person4163,28,IT,90135
Person4164,48,ECE,36940
Person4165,47,IT,45887
Person4166,38,IT,20356
Person4167,27,CSE,74288
Person4168,40,IT,88676
Person4169,46,MECH,90892
Person4170,34,MECH,33396
Person4171,30,IT,81350
Person4172,40,CSE,31306
Person4173,34,MECH,70278
Person4174,36,CSE,76191
Person4175,33,ECE,32206
Person4176,32,CSE,28841
Person4177,48,CSE,25840
Person4178,38,IT,76668
Person4179,38,ECE,69169
Person4180,46,ECE,29547
Person4181,34,ECE,60022
Person4182,24,MECH,83664
Person4183,54,MECH,39042
Person4184,22,MECH,68450
Person4185,42,IT,43421
Person4186,30,ECE,40881
Person4187,28,IT,51366
Person4188,21,IT,48177
Person4189,56,MECH,59641
Person4190,37,CSE,36432
Person4191,33,ECE,51220
Person4192,49,MECH,69790
Person4193,21,ECE,50983
Person4194,42,ECE,72512
Person4195,39,ECE,29258
Person4196,42,CSE,31012
Person4197,24,CSE,89247
Person4198,58,IT,56945
Person4199,29,CSE,68732
Person4200,47,IT,79183
Person4201,49,ECE,31688
Person4202,33,IT,97781
Person4203,25,ECE,53909
Person4204,31,IT,91176
Person4205,52,MECH,53337
Person4206,56,IT,52445
Person4207,57,CSE,68049
Person4208,29,IT,35271
Person4209,44,ECE,68709
Person4210,26,ECE,98664
Person4211,48,CSE,71617
Person4212,36,IT,25605
Person4213,48,MECH,75832
Person4214,47,IT,22672
Person4215,59,MECH,28268
Person4216,39,CSE,42766
Person4217,33,ECE,44393
Person4218,41,ECE,20283
Person4219,26,CSE,21387
Person4220,24,IT,83138
Person4221,40,IT,56371
Person4222,53,MECH,35985
Person4223,41,MECH,54354
Person4224,51,MECH,75434
Person4225,27,MECH,78746
Person4226,37,CSE,43051
Person4227,44,MECH,33369
Person4228,33,IT,96747
Person4229,20,IT,70519
Person4230,22,MECH,98636
Person4231,57,IT,44535
Person4232,44,MECH,28901
Person4233,30,ECE,50553
Person4234,30,ECE,46227
Person4235,21,MECH,77542
Person4236,57,IT,77290
Person4237,24,CSE,25723
Person4238,50,ECE,67019
Person4239,29,MECH,47422
Person4240,33,IT,69190
Person4241,30,ECE,51305
Person4242,52,MECH,62993
Person4243,21,CSE,77259
Person4244,34,ECE,43471
Person4245,31,IT,35937
Person4246,30,MECH,76479
Person4247,27,IT,95793
Person4248,56,CSE,55520
Person4249,35,ECE,99820
Person4250,36,IT,34791
Person4251,35,IT,85512
Person4252,59,IT,99056
Person4253,33,ECE,43977
Person4254,33,IT,31828
Person4255,33,ECE,73109
Person4256,33,IT,89551
Person4257,23,IT,26651
Person4258,44,ECE,71257
Person4259,21,ECE,89702
Person4260,29,IT,22561
Person4261,28,ECE,61279
Person4262,31,ECE,26158
Person4263,50,MECH,34115
Person4264,43,IT,58907
Person4265,59,CSE,46193
Person4266,34,IT,26810
Person4267,57,ECE,84059
Person4268,21,CSE,36236
Person4269,40,ECE,89618
Person4270,51,ECE,34139
Person4271,41,MECH,61577
Person4272,57,MECH,78162
Person4273,32,CSE,58424
Person4274,21,ECE,53367
Person4275,50,CSE,80058
Person4276,22,ECE,20942
Person4277,50,MECH,86095
Person4278,49,IT,75191
Person4279,53,CSE,81187
Person4280,39,MECH,53677
Person4281,55,ECE,50754
Person4282,26,ECE,65753
Person4283,37,MECH,71354
Person4284,24,CSE,94015
Person4285,50,IT,88588
Person4286,48,ECE,24311
Person4287,52,CSE,32140
Person4288,50,IT,95729
Person4289,32,IT,51050
Person4290,22,MECH,66422
Person4291,57,MECH,24529
Person4292,39,CSE,28370
Person4293,23,ECE,52710
Person4294,57,ECE,77385
Person4295,59,IT,81782
Person4296,37,ECE,91574
Person4297,50,MECH,35762
Person4298,21,ECE,36147
Person4299,23,MECH,63350
Person4300,31,CSE,63753
Person4301,46,MECH,22926
Person4302,25,CSE,55774
Person4303,21,MECH,91811
Person4304,46,CSE,33111
Person4305,50,IT,85600
Person4306,49,IT,55779
Person4307,51,MECH,61952
Person4308,52,IT,71328
Person4309,44,IT,76462
Person4310,40,CSE,70999
Person4311,54,MECH,28313
Person4312,33,ECE,43626
Person4313,23,IT,87616
Person4314,50,IT,23211
Person4315,31,IT,77220
Person4316,59,ECE,61638
Person4317,36,CSE,29597
Person4318,54,CSE,29821
Person4319,21,CSE,98455
Person4320,46,IT,22483
Person4321,37,MECH,21802
Person4322,38,ECE,21336
Person4323,30,ECE,70280
Person4324,58,CSE,94111
Person4325,35,MECH,33740
Person4326,54,ECE,83660
Person4327,37,IT,77540
Person4328,21,CSE,38382
Person4329,55,IT,25632
Person4330,27,CSE,59032
Person4331,30,ECE,26488
Person4332,54,ECE,29085
Person4333,55,MECH,57303
Person4334,56,MECH,85252
Person4335,37,CSE,99520
Person4336,50,ECE,70227
Person4337,33,MECH,42121
Person4338,49,ECE,46263
Person4339,40,CSE,69002
Person4340,22,CSE,33857
Person4341,36,MECH,61487
Person4342,38,ECE,81513
Person4343,30,MECH,87369
Person4344,34,CSE,24730
Person4345,40,MECH,43087
Person4346,21,CSE,40384
Person4347,26,MECH,64395
Person4348,50,IT,34825
Person4349,34,ECE,96049
Person4350,44,CSE,93367
Person4351,42,CSE,46606
Person4352,42,ECE,52567
Person4353,36,CSE,55152
Person4354,39,IT,23410
Person4355,52,IT,91105
Person4356,58,IT,82349
Person4357,30,IT,46599
Person4358,46,MECH,63795
Person4359,58,ECE,50453
Person4360,20,ECE,38255
Person4361,51,ECE,44329
Person4362,39,IT,28567
Person4363,58,ECE,84762
Person4364,43,ECE,72382
Person4365,53,MECH,94430
Person4366,26,ECE,20525
Person4367,25,ECE,70487
Person4368,57,CSE,64831
Person4369,41,CSE,69890
Person4370,42,CSE,99176
Person4371,26,ECE,51200
Person4372,29,IT,31282
Person4373,52,ECE,20998
Person4374,32,MECH,59361
Person4375,43,ECE,33915
Person4376,32,ECE,31288
Person4377,30,CSE,31795
Person4378,26,MECH,42157
Person4379,57,MECH,29270
Person4380,57,ECE,58872
Person4381,24,MECH,72323
Person4382,34,ECE,43145
Person4383,42,ECE,30907
Person4384,35,MECH,65794
Person4385,48,MECH,26850
Person4386,30,CSE,79007
Person4387,22,ECE,50606
Person4388,33,ECE,52796
Person4389,43,IT,39921
Person4390,27,ECE,42626
Person4391,52,IT,31668
Person4392,20,MECH,64640
Person4393,22,CSE,31690
Person4394,40,ECE,74443
Person4395,40,IT,40496
Person4396,31,ECE,65234
Person4397,30,MECH,62947
Person4398,22,IT,70673
Person4399,46,MECH,80647
Person4400,35,CSE,64847
Person4401,24,ECE,88222
Person4402,35,ECE,40720
Person4403,57,ECE,80113
Person4404,30,IT,47437
Person4405,55,CSE,70257
Person4406,30,MECH,59359
Person4407,27,IT,92609
Person4408,30,IT,41696
Person4409,32,MECH,61578
Person4410,24,IT,33158
Person4411,43,ECE,70668
Person4412,33,MECH,22951
Person4413,48,MECH,52929
Person4414,39,CSE,20791
Person4415,37,CSE,46190
Person4416,38,IT,58723
Person4417,26,CSE,46536
Person4418,48,ECE,50873
Person4419,24,MECH,31865
Person4420,48,MECH,77169
Person4421,59,MECH,83727
Person4422,50,IT,56379
Person4423,38,IT,24429
Person4424,32,IT,24992
Person4425,54,MECH,73974
Person4426,30,IT,94313
Person4427,39,MECH,89156
Person4428,50,MECH,52439
Person4429,56,IT,59794
Person4430,56,IT,33047
Person4431,23,CSE,25616
Person4432,55,IT,81262
Person4433,24,MECH,54273
Person4434,43,IT,59749
Person4435,57,MECH,47458
Person4436,46,IT,45052
Person4437,57,ECE,98843
Person4438,33,CSE,85296
Person4439,32,CSE,75301
Person4440,33,ECE,51132
Person4441,34,CSE,77708
Person4442,47,ECE,47137
Person4443,38,CSE,61266
Person4444,49,CSE,31602
Person4445,36,MECH,76753
Person4446,32,IT,24839
Person4447,27,CSE,77805
Person4448,42,MECH,68294
Person4449,55,MECH,25308
Person4450,54,MECH,60488
Person4451,30,CSE,37808
Person4452,39,MECH,58090
Person4453,48,CSE,21037
Person4454,44,CSE,77745
Person4455,22,ECE,60784
Person4456,43,IT,48982
Person4457,21,CSE,90063
Person4458,24,IT,71594
Person4459,46,IT,68764
Person4460,24,IT,31769
Person4461,33,ECE,60016
Person4462,43,CSE,76049
Person4463,46,CSE,94077
Person4464,37,IT,68339
Person4465,23,CSE,33777
Person4466,51,MECH,74237
Person4467,57,ECE,25968
Person4468,55,IT,45034
Person4469,49,MECH,93384
Person4470,36,MECH,84143
Person4471,55,IT,92222
Person4472,39,IT,48194
Person4473,25,ECE,74637
Person4474,54,MECH,76002
Person4475,32,MECH,39678
Person4476,57,IT,95408
Person4477,34,ECE,97581
Person4478,54,ECE,28827
Person4479,41,IT,81227
Person4480,38,IT,55815
Person4481,31,MECH,73911
Person4482,53,CSE,64352
Person4483,22,ECE,37832
Person4484,38,ECE,27677
Person4485,34,MECH,61047
Person4486,41,MECH,86977
Person4487,30,IT,85806
Person4488,46,CSE,41982
Person4489,35,ECE,88820
Person4490,27,MECH,48475
Person4491,27,IT,64914
Person4492,47,CSE,45950
Person4493,30,IT,61823
Person4494,32,CSE,62351
Person4495,45,CSE,75814
Person4496,33,IT,57749
Person4497,35,IT,62259
Person4498,29,IT,72107
Person4499,33,MECH,53414
Person4500,47,MECH,61951
Person4501,41,MECH,26833
Person4502,59,MECH,89585
Person4503,50,MECH,30083
Person4504,20,ECE,89836
Person4505,35,IT,80822
Person4506,31,ECE,95812
Person4507,43,MECH,21973
Person4508,30,MECH,37373
Person4509,58,MECH,24184
Person4510,31,MECH,53406
Person4511,40,CSE,92371
Person4512,24,ECE,81301
Person4513,56,ECE,76319
Person4514,56,ECE,87872
Person4515,51,IT,20337
Person4516,34,IT,83013
Person4517,22,MECH,44963
Person4518,48,ECE,75274
Person4519,37,CSE,81065
Person4520,59,IT,74860
Person4521,47,IT,53408
Person4522,41,ECE,68927
Person4523,59,IT,57503
Person4524,52,IT,70265
Person4525,38,MECH,56703
Person4526,20,CSE,51524
Person4527,23,CSE,36170
Person4528,37,IT,50995
Person4529,42,MECH,77711
Person4530,21,CSE,89619
Person4531,25,CSE,28240
Person4532,48,IT,34623
Person4533,50,ECE,60580
Person4534,21,ECE,76206
Person4535,40,MECH,33596
Person4536,23,ECE,45990
Person4537,48,IT,23722
Person4538,53,MECH,24207
Person4539,54,ECE,31459
Person4540,43,ECE,78333
Person4541,45,IT,89546
Person4542,57,MECH,59908
Person4543,44,IT,34091
Person4544,37,ECE,93714
Person4545,50,CSE,42269
Person4546,43,IT,32375
Person4547,53,CSE,31047
Person4548,40,IT,48245
Person4549,54,MECH,78843
Person4550,21,CSE,51768
Person4551,21,IT,55635
Person4552,23,CSE,47222
Person4553,42,ECE,95490
Person4554,48,ECE,74688
Person4555,28,MECH,73145
Person4556,26,MECH,55009
Person4557,54,MECH,62511
Person4558,50,ECE,90799
Person4559,45,MECH,72530
Person4560,39,CSE,85102
Person4561,36,MECH,23234
Person4562,20,CSE,88766
Person4563,27,CSE,96052
Person4564,55,MECH,73448
Person4565,33,CSE,96514
Person4566,48,IT,65419
Person4567,48,CSE,42091
Person4568,32,CSE,68503
Person4569,28,IT,70263
Person4570,47,CSE,31569
Person4571,23,IT,36153
Person4572,39,ECE,43312
Person4573,55,IT,63797
Person4574,48,IT,31839
Person4575,50,CSE,81663
Person4576,23,ECE,28757
Person4577,27,MECH,95185
Person4578,31,IT,74064
Person4579,31,CSE,47137
Person4580,27,CSE,49803
Person4581,58,ECE,75480
Person4582,26,CSE,27103
Person4583,48,ECE,77314
Person4584,43,CSE,64173
Person4585,44,IT,37691
Person4586,28,IT,91783
Person4587,32,CSE,70322
Person4588,44,MECH,33092
Person4589,31,MECH,72433
Person4590,47,MECH,52898
Person4591,21,IT,81126
Person4592,22,MECH,59369
Person4593,49,MECH,99995
Person4594,44,CSE,94185
Person4595,21,CSE,23218
Person4596,55,MECH,52877
Person4597,20,IT,36184
Person4598,58,ECE,56019
Person4599,49,MECH,31606
Person4600,59,CSE,62853
Person4601,57,ECE,32354
Person4602,32,IT,69851
Person4603,50,MECH,56339
Person4604,28,CSE,99441
Person4605,38,IT,90282
Person4606,29,IT,68017
Person4607,39,ECE,55897
Person4608,54,ECE,77269
Person4609,37,MECH,73478
Person4610,23,IT,31146
Person4611,32,ECE,50119
Person4612,51,CSE,99374
Person4613,40,CSE,45573
Person4614,42,IT,21060
Person4615,37,IT,86738
Person4616,31,IT,94627
Person4617,43,CSE,72443
Person4618,45,CSE,70799
Person4619,55,ECE,48071
Person4620,44,CSE,48751
Person4621,59,ECE,93132
Person4622,53,MECH,88644
Person4623,23,ECE,59880
Person4624,35,CSE,45048
Person4625,35,ECE,35061
Person4626,20,MECH,20872
Person4627,27,MECH,58657
Person4628,50,ECE,64308
Person4629,34,ECE,73975
Person4630,25,MECH,84407
Person4631,31,CSE,49369
Person4632,30,IT,33343
Person4633,26,IT,87502
Person4634,24,CSE,80996
Person4635,50,IT,62651
Person4636,52,CSE,23133
Person4637,39,ECE,57421
Person4638,44,MECH,69542
Person4639,56,ECE,88696
Person4640,53,CSE,60654
Person4641,21,CSE,57033
Person4642,58,MECH,50398
Person4643,22,CSE,53152
Person4644,21,ECE,21309
Person4645,36,ECE,28297
Person4646,49,IT,80500
Person4647,23,IT,48999
Person4648,31,IT,88065
Person4649,30,MECH,51763
Person4650,35,MECH,99748
Person4651,59,ECE,34449
Person4652,33,CSE,35045
Person4653,28,IT,67025
Person4654,24,ECE,84213
Person4655,27,ECE,31507
Person4656,25,CSE,60229
Person4657,42,ECE,37895
Person4658,36,MECH,78974
Person4659,39,ECE,64887
Person4660,53,MECH,72339
Person4661,43,CSE,41518
Person4662,26,CSE,43109
Person4663,35,IT,71173
Person4664,32,ECE,48234
Person4665,53,ECE,75241
Person4666,32,ECE,32317
Person4667,25,MECH,44103
Person4668,49,MECH,28134
Person4669,37,ECE,26991
Person4670,23,IT,40994
Person4671,47,IT,59156
Person4672,28,CSE,31553
Person4673,54,MECH,27431
Person4674,53,IT,90182
Person4675,34,ECE,61218
Person4676,42,CSE,77245
Person4677,42,CSE,78097
Person4678,46,MECH,28128
Person4679,22,IT,69626
Person4680,32,CSE,88854
Person4681,26,MECH,55861
Person4682,47,ECE,88961
Person4683,22,ECE,95668
Person4684,40,MECH,63712
Person4685,49,IT,28139
Person4686,57,CSE,69397
Person4687,31,CSE,90400
Person4688,20,ECE,66345
Person4689,48,ECE,84010
Person4690,20,MECH,62828
Person4691,22,MECH,53579
Person4692,59,CSE,95646
Person4693,54,ECE,32229
Person4694,48,MECH,55808
Person4695,53,ECE,32469
Person4696,23,MECH,72377
Person4697,23,ECE,93744
Person4698,32,ECE,99822
Person4699,20,CSE,38696
Person4700,55,CSE,78208
Person4701,22,CSE,89929
Person4702,41,MECH,86697
Person4703,54,CSE,60263
Person4704,49,MECH,33958
Person4705,29,IT,56938
Person4706,38,MECH,82081
Person4707,41,MECH,69560
Person4708,50,CSE,51061
Person4709,37,ECE,37203
Person4710,31,IT,72148
Person4711,51,ECE,54269
Person4712,55,IT,57766
Person4713,39,MECH,95078
Person4714,21,ECE,20730
Person4715,40,CSE,39060
Person4716,55,CSE,93585
Person4717,59,ECE,93726
Person4718,36,ECE,44200
Person4719,26,MECH,99536
Person4720,42,MECH,36926
Person4721,53,ECE,24152
Person4722,57,MECH,44569
Person4723,22,IT,62510
Person4724,31,MECH,20481
Person4725,39,IT,33745
Person4726,23,ECE,83272
Person4727,55,IT,69737
Person4728,24,ECE,68422
Person4729,46,CSE,99163
Person4730,56,CSE,38271
Person4731,47,CSE,91750
Person4732,50,IT,48415
Person4733,30,CSE,93987
Person4734,53,IT,82653
Person4735,36,IT,37067
Person4736,22,ECE,36751
Person4737,34,IT,63385
Person4738,33,IT,60220
Person4739,40,IT,38786
Person4740,30,ECE,40830
Person4741,38,ECE,91953
Person4742,37,CSE,80295
Person4743,33,IT,35292
Person4744,47,IT,78019
Person4745,32,MECH,32316
Person4746,50,CSE,55600
Person4747,30,IT,20973
Person4748,54,ECE,71937
Person4749,34,MECH,34555
Person4750,21,MECH,38886
Person4751,25,CSE,35181
Person4752,52,CSE,34672
Person4753,54,CSE,26199
Person4754,28,IT,64357
Person4755,44,IT,89419
Person4756,42,ECE,44121
Person4757,25,ECE,82399
Person4758,38,ECE,63486
Person4759,47,ECE,40358
Person4760,58,MECH,24934
Person4761,53,ECE,82660
Person4762,23,MECH,21832
Person4763,29,ECE,53773
Person4764,37,MECH,22740
Person4765,26,IT,82041
Person4766,42,CSE,99185
Person4767,20,CSE,45840
Person4768,24,MECH,45088
Person4769,21,CSE,65172
Person4770,31,CSE,60159
Person4771,50,IT,50528
Person4772,27,ECE,49270
Person4773,59,MECH,35014
Person4774,30,IT,40060
Person4775,21,CSE,66850
Person4776,33,ECE,78751
Person4777,49,CSE,80066
Person4778,24,ECE,61317
Person4779,22,CSE,80248
Person4780,53,IT,67361
Person4781,43,ECE,48503
Person4782,33,CSE,48268
Person4783,50,CSE,61496
Person4784,53,CSE,44612
Person4785,34,CSE,81102
Person4786,42,CSE,34815
Person4787,20,MECH,24359
Person4788,32,IT,59291
Person4789,43,IT,25751
Person4790,27,IT,35326
Person4791,59,IT,50097
Person4792,58,ECE,20333
Person4793,30,ECE,37877
Person4794,35,MECH,63581
Person4795,27,ECE,49971
Person4796,40,MECH,91708
Person4797,24,IT,27500
Person4798,35,CSE,77577
Person4799,42,IT,67360
Person4800,44,IT,71539
Person4801,43,MECH,73739
Person4802,28,ECE,24188
Person4803,51,ECE,83347
Person4804,47,CSE,46508
Person4805,50,ECE,72041
Person4806,38,MECH,43516
Person4807,55,MECH,51710
Person4808,35,CSE,76002
Person4809,52,MECH,94794
Person4810,28,IT,90237
Person4811,29,CSE,78106
Person4812,41,CSE,63083
Person4813,42,IT,62214
Person4814,49,MECH,97249
Person4815,31,MECH,36548
Person4816,54,IT,96326
Person4817,33,MECH,71917
Person4818,41,MECH,69290
Person4819,57,CSE,67337
Person4820,41,IT,84998
Person4821,47,IT,74666
Person4822,56,ECE,27586
Person4823,58,MECH,82489
Person4824,39,MECH,78298
Person4825,36,CSE,93203
Person4826,27,CSE,94917
Person4827,41,MECH,95924
Person4828,56,MECH,23421
Person4829,39,MECH,70414
Person4830,33,ECE,94753
Person4831,24,IT,97276
Person4832,35,ECE,63944
Person4833,29,CSE,92913
Person4834,59,CSE,90435
Person4835,41,IT,20209
Person4836,25,MECH,90798
Person4837,22,ECE,71009
Person4838,54,CSE,65897
Person4839,57,CSE,34277
Person4840,50,CSE,93494
Person4841,24,CSE,43615
Person4842,23,MECH,53425
Person4843,27,CSE,43800
Person4844,50,CSE,97571
Person4845,50,ECE,58650
Person4846,53,MECH,29121
Person4847,23,ECE,20869
Person4848,26,CSE,98413
Person4849,56,MECH,38863
Person4850,57,ECE,81657
Person4851,49,CSE,22329
Person4852,24,MECH,91743
Person4853,22,IT,72044
Person4854,22,MECH,37979
Person4855,47,CSE,91143
Person4856,53,ECE,43825
Person4857,45,MECH,99823
Person4858,30,IT,67961
Person4859,50,IT,55884
Person4860,22,IT,24681
Person4861,53,IT,40811
Person4862,55,MECH,24663
Person4863,48,MECH,88248
Person4864,55,MECH,28013
Person4865,43,MECH,29052
Person4866,38,MECH,29959
Person4867,32,CSE,97939
Person4868,56,IT,97644
Person4869,47,CSE,77186
Person4870,27,ECE,25899
Person4871,58,ECE,60314
Person4872,22,IT,95872
Person4873,43,CSE,27732
Person4874,27,ECE,83486
Person4875,46,ECE,21455
Person4876,36,CSE,84315
Person4877,37,CSE,63562
Person4878,46,ECE,91031
Person4879,50,IT,53108
Person4880,35,ECE,82825
Person4881,59,IT,87413
Person4882,39,MECH,45992
Person4883,26,IT,71384
Person4884,20,IT,56871
Person4885,28,MECH,54551
Person4886,47,MECH,83978
Person4887,41,CSE,38080
Person4888,33,MECH,29571
Person4889,39,CSE,58433
Person4890,53,MECH,85731
Person4891,42,MECH,33039
Person4892,22,IT,47217
Person4893,21,MECH,73361
Person4894,39,ECE,58148
Person4895,36,ECE,68458
Person4896,54,MECH,62241
Person4897,43,ECE,84805
Person4898,50,ECE,90020
Person4899,43,ECE,55962
Person4900,33,MECH,54529
Person4901,46,CSE,42291
Person4902,44,MECH,55499
Person4903,48,ECE,86911
Person4904,27,ECE,60132
Person4905,45,ECE,75279
Person4906,31,CSE,53472
Person4907,51,MECH,76536
Person4908,51,MECH,76994
Person4909,44,IT,62246
Person4910,57,ECE,94759
Person4911,41,MECH,90078
Person4912,21,MECH,32673
Person4913,44,MECH,38222
Person4914,51,MECH,96383
Person4915,24,IT,52135
Person4916,24,IT,44831
Person4917,30,CSE,83698
Person4918,53,ECE,68171
Person4919,41,MECH,30636
Person4920,59,MECH,27342
Person4921,54,ECE,84648
Person4922,42,CSE,81188
Person4923,47,MECH,48207
Person4924,33,MECH,88996
Person4925,23,CSE,30040
Person4926,35,MECH,89522
Person4927,43,IT,26331
Person4928,27,MECH,70885
Person4929,28,IT,87442
Person4930,20,ECE,69544
Person4931,49,CSE,82289
Person4932,55,MECH,47505
Person4933,53,CSE,43043
Person4934,35,CSE,41274
Person4935,43,CSE,29308
Person4936,58,IT,42186
Person4937,43,IT,39778
Person4938,31,ECE,80535
Person4939,33,MECH,37039
Person4940,49,ECE,33276
Person4941,37,CSE,78644
Person4942,53,IT,63028
Person4943,54,IT,37245
Person4944,21,ECE,76471
Person4945,48,ECE,37287
Person4946,34,IT,82846
Person4947,40,ECE,22581
Person4948,30,ECE,67210
Person4949,34,ECE,67748
Person4950,33,ECE,49826
Person4951,22,MECH,75118
Person4952,51,CSE,50377
Person4953,25,ECE,72279
Person4954,35,ECE,37884
Person4955,27,ECE,65487
Person4956,26,ECE,80500
Person4957,34,ECE,97285
Person4958,56,ECE,48823
Person4959,57,IT,57819
Person4960,35,MECH,58107
Person4961,40,MECH,88810
Person4962,59,ECE,97004
Person4963,29,IT,71680
Person4964,57,CSE,85771
Person4965,24,MECH,26732
Person4966,29,CSE,80742
Person4967,33,IT,84807
Person4968,21,ECE,77192
Person4969,52,ECE,66751
Person4970,54,CSE,91966
Person4971,35,IT,72282
Person4972,53,ECE,87711
Person4973,50,ECE,34418
Person4974,52,IT,73230
Person4975,52,CSE,54999
Person4976,42,ECE,89464
Person4977,24,CSE,90446
Person4978,56,CSE,87518
Person4979,44,CSE,37234
Person4980,56,CSE,59384
Person4981,58,IT,20009
Person4982,27,ECE,98370
Person4983,36,IT,40600
Person4984,27,ECE,69954
Person4985,22,IT,59003
Person4986,58,CSE,92369
Person4987,56,CSE,85702
Person4988,57,CSE,82154
Person4989,55,IT,71463
Person4990,45,MECH,29550
Person4991,40,MECH,93525
Person4992,59,IT,25010
Person4993,42,ECE,56445
Person4994,45,MECH,50353
Person4995,28,MECH,51265
Person4996,49,MECH,98178
Person4997,52,MECH,38513
Person4998,47,ECE,66396
Person4999,39,CSE,37444
Person5000,27,CSE,92923
Person5001,21,MECH,78888
Person5002,45,MECH,53187
Person5003,47,MECH,26428
Person5004,50,MECH,32215
Person5005,58,CSE,39417
Person5006,39,ECE,52503
Person5007,53,ECE,90871
Person5008,48,IT,29565
Person5009,31,MECH,66153
Person5010,53,MECH,47785
Person5011,22,MECH,23727
Person5012,43,ECE,69546
Person5013,57,IT,76340
Person5014,46,MECH,96758
Person5015,57,IT,60534
Person5016,22,MECH,46032
Person5017,41,MECH,88361
Person5018,51,CSE,39788
Person5019,45,MECH,74594
Person5020,55,CSE,95471
Person5021,38,MECH,20355
Person5022,47,MECH,94014
Person5023,36,MECH,36459
Person5024,54,ECE,58526
Person5025,24,CSE,40637
Person5026,30,MECH,31560
Person5027,23,MECH,76178
Person5028,48,ECE,58575
Person5029,29,MECH,60745
Person5030,32,IT,58688
Person5031,53,MECH,79795
Person5032,34,CSE,97288
Person5033,25,IT,61029
Person5034,20,ECE,32447
Person5035,29,MECH,46190
Person5036,56,IT,59682
Person5037,41,ECE,28292
Person5038,59,MECH,38328
Person5039,28,CSE,36209
Person5040,34,IT,97836
Person5041,26,CSE,52062
Person5042,35,MECH,90323
Person5043,42,ECE,64116
Person5044,52,CSE,60487
Person5045,34,ECE,95090
Person5046,50,IT,75356
Person5047,45,CSE,39177
Person5048,31,ECE,42531
Person5049,56,CSE,73286
Person5050,37,CSE,20179
Person5051,26,CSE,32203
Person5052,58,MECH,25946
Person5053,56,IT,77100
Person5054,21,MECH,55307
Person5055,56,IT,20907
Person5056,57,MECH,79332
Person5057,53,ECE,72473
Person5058,30,IT,77490
Person5059,45,CSE,33057
Person5060,41,MECH,89995
Person5061,44,CSE,34425
Person5062,44,IT,65669
Person5063,45,CSE,64712
Person5064,40,CSE,37497
Person5065,47,ECE,50032
Person5066,41,MECH,24175
Person5067,20,CSE,57704
Person5068,21,ECE,74169
Person5069,58,ECE,44711
Person5070,56,MECH,63021
Person5071,43,IT,96277
Person5072,26,MECH,38769
Person5073,51,MECH,43252
Person5074,25,ECE,29599
Person5075,35,IT,63363
Person5076,33,CSE,36307
Person5077,20,CSE,88348
Person5078,52,CSE,43275
Person5079,40,ECE,73134
Person5080,32,ECE,35137
Person5081,40,IT,45822
Person5082,20,MECH,33695
Person5083,37,ECE,64194
Person5084,40,CSE,22221
Person5085,33,MECH,26639
Person5086,53,ECE,60113
Person5087,29,IT,63654
Person5088,25,ECE,46377
Person5089,41,MECH,54511
Person5090,55,IT,53318
Person5091,35,ECE,80634
Person5092,21,ECE,55716
Person5093,58,MECH,87832
Person5094,37,ECE,37362
Person5095,26,CSE,35969
Person5096,44,ECE,52298
Person5097,32,CSE,26522
Person5098,57,MECH,73684
Person5099,31,CSE,51244
Person5100,42,ECE,49311
Person5101,41,IT,62732
Person5102,29,MECH,26568
Person5103,39,MECH,50144
Person5104,24,MECH,97777
Person5105,45,ECE,70284
Person5106,50,MECH,65918
Person5107,58,CSE,60452
Person5108,33,MECH,57497
Person5109,31,MECH,94930
Person5110,41,IT,94428
Person5111,47,IT,52751
Person5112,59,CSE,93978
Person5113,21,ECE,26599
Person5114,29,MECH,45577
Person5115,30,ECE,44154
Person5116,30,MECH,75780
Person5117,38,IT,68471
Person5118,54,ECE,57808
Person5119,21,IT,40482
Person5120,52,IT,60549
Person5121,44,IT,41519
Person5122,44,CSE,59798
Person5123,47,ECE,47165
Person5124,24,CSE,91089
Person5125,49,CSE,79691
Person5126,29,CSE,34021
Person5127,40,ECE,95210
Person5128,47,CSE,72702
Person5129,44,ECE,48030
Person5130,32,IT,62436
Person5131,35,IT,35639
Person5132,39,IT,23745
Person5133,21,CSE,53650
Person5134,49,MECH,82574
Person5135,23,MECH,48147
Person5136,38,CSE,50739
Person5137,46,IT,99201
Person5138,23,ECE,98980
Person5139,59,IT,57109
Person5140,35,CSE,23534
Person5141,20,MECH,74342
Person5142,46,CSE,77177
Person5143,42,IT,93103
Person5144,45,MECH,95844
Person5145,50,CSE,70324
Person5146,39,CSE,28570
Person5147,53,ECE,39950
Person5148,34,CSE,77334
Person5149,41,CSE,68592
Person5150,26,IT,54878
Person5151,44,IT,52150
Person5152,30,MECH,76763
Person5153,47,IT,53787
Person5154,52,MECH,32382
Person5155,54,CSE,98345
Person5156,57,MECH,47950
Person5157,24,CSE,42287
Person5158,25,IT,25545
Person5159,57,ECE,57514
Person5160,35,CSE,98896
Person5161,21,ECE,32789
Person5162,31,MECH,39576
Person5163,53,IT,34283
Person5164,34,MECH,27524
Person5165,23,CSE,68278
Person5166,48,IT,43855
Person5167,27,IT,80081
Person5168,34,ECE,52051
Person5169,20,MECH,70916
Person5170,44,IT,27151
Person5171,37,ECE,46342
Person5172,54,CSE,53123
Person5173,33,CSE,24769
Person5174,28,MECH,53542
Person5175,26,IT,57621
Person5176,28,MECH,52307
Person5177,38,MECH,60341
Person5178,23,ECE,83778
Person5179,36,ECE,81652
Person5180,54,CSE,21128
Person5181,50,ECE,71223
Person5182,45,MECH,92326
Person5183,55,IT,89700
Person5184,51,IT,45868
Person5185,46,IT,82638
Person5186,54,CSE,84078
Person5187,24,IT,49270
Person5188,52,CSE,89531
Person5189,31,MECH,70577
Person5190,49,IT,80088
Person5191,56,IT,79782
Person5192,39,MECH,82507
Person5193,23,ECE,96550
Person5194,34,MECH,88593
Person5195,36,MECH,53788
Person5196,57,MECH,64964
Person5197,57,ECE,71862
Person5198,42,ECE,88523
Person5199,58,MECH,51413
Person5200,37,CSE,45037
Person5201,36,IT,79026
Person5202,53,CSE,96333
Person5203,46,IT,92959
Person5204,40,CSE,31836
Person5205,38,MECH,93538
Person5206,48,ECE,83134
Person5207,50,MECH,32567
Person5208,39,ECE,20523
Person5209,21,IT,36327
Person5210,24,CSE,94354
Person5211,25,IT,80394
Person5212,38,MECH,66024
Person5213,44,IT,70480
Person5214,52,CSE,53065
Person5215,29,CSE,92408
Person5216,51,ECE,32498
Person5217,46,ECE,45104
Person5218,22,IT,36047
Person5219,34,IT,87841
Person5220,32,ECE,63204
Person5221,55,IT,74702
Person5222,56,CSE,93554
Person5223,52,MECH,35636
Person5224,41,CSE,97154
Person5225,39,MECH,30119
Person5226,32,ECE,80343
Person5227,50,ECE,76217
Person5228,23,ECE,86033
Person5229,30,ECE,32676
Person5230,25,IT,96792
Person5231,39,IT,83546
Person5232,31,ECE,28850
Person5233,27,ECE,64567
Person5234,35,MECH,85381
Person5235,54,MECH,58149
Person5236,42,CSE,50472
Person5237,52,MECH,42042
Person5238,56,IT,61274
Person5239,56,IT,98707
Person5240,34,MECH,68601
Person5241,55,ECE,77773
Person5242,56,ECE,82370
Person5243,58,MECH,82245
Person5244,34,ECE,52035
Person5245,29,CSE,81496
Person5246,43,MECH,46243
Person5247,57,CSE,66721
Person5248,56,IT,44196
Person5249,42,ECE,95175
Person5250,25,ECE,78412
Person5251,36,CSE,66705
Person5252,48,CSE,56120
Person5253,42,IT,61603
Person5254,33,MECH,82392
Person5255,33,IT,41896
Person5256,22,IT,86277
Person5257,31,CSE,42538
Person5258,46,ECE,31329
Person5259,29,IT,78950
Person5260,59,ECE,76667
Person5261,23,MECH,46781
Person5262,43,MECH,71901
Person5263,39,MECH,78296
Person5264,53,IT,83026
Person5265,55,IT,96216
Person5266,41,MECH,88348
Person5267,45,MECH,55144
Person5268,47,ECE,38419
Person5269,40,CSE,27786
Person5270,27,MECH,65904
Person5271,37,CSE,73323
Person5272,29,MECH,75270
Person5273,38,ECE,20761
Person5274,44,IT,76108
Person5275,28,IT,82960
Person5276,29,MECH,77740
Person5277,52,MECH,62052
Person5278,35,ECE,21213
Person5279,27,ECE,59178
Person5280,48,CSE,71579
Person5281,48,CSE,65555
Person5282,53,MECH,65966
Person5283,50,IT,61312
Person5284,59,CSE,64161
Person5285,42,ECE,45902
Person5286,31,MECH,68396
Person5287,54,MECH,42520
Person5288,30,MECH,59318
Person5289,31,MECH,53223
Person5290,53,CSE,77136
Person5291,55,ECE,91592
Person5292,33,ECE,70661
Person5293,49,CSE,30829
Person5294,56,ECE,73400
Person5295,51,ECE,45981
Person5296,20,IT,23959
Person5297,46,ECE,35384
Person5298,26,IT,99949
Person5299,53,MECH,54170
Person5300,22,MECH,36137
Person5301,59,IT,30679
Person5302,27,IT,72026
Person5303,36,CSE,80863
Person5304,29,ECE,48251
Person5305,52,MECH,28277
Person5306,35,IT,48373
Person5307,49,CSE,73220
Person5308,22,ECE,29119
Person5309,38,CSE,41416
Person5310,56,CSE,20160
Person5311,57,IT,57775
Person5312,28,CSE,33643
Person5313,35,IT,35999
Person5314,36,IT,29040
Person5315,42,IT,78417
Person5316,41,CSE,59160
Person5317,24,CSE,95862
Person5318,50,ECE,51603
Person5319,29,MECH,37739
Person5320,32,IT,36327
Person5321,53,ECE,96252
Person5322,47,CSE,67177
Person5323,35,IT,46021
Person5324,56,IT,72333
Person5325,35,MECH,64627
Person5326,42,MECH,29183
Person5327,29,IT,76127
Person5328,27,ECE,29534
Person5329,39,CSE,35941
Person5330,42,MECH,77066
Person5331,52,ECE,55581
Person5332,35,IT,37773
Person5333,55,IT,25426
Person5334,44,ECE,67492
Person5335,22,ECE,75764
Person5336,49,ECE,36244
Person5337,42,MECH,53329
Person5338,35,MECH,47539
Person5339,38,MECH,91331
Person5340,32,MECH,83272
Person5341,44,IT,41919
Person5342,42,ECE,61084
Person5343,37,CSE,93888
Person5344,31,IT,47659
Person5345,35,IT,31283
Person5346,39,MECH,43865
Person5347,38,ECE,68557
Person5348,32,ECE,99383
Person5349,43,ECE,44624
Person5350,29,CSE,24685
Person5351,40,MECH,34542
Person5352,24,ECE,53004
Person5353,38,ECE,27514
Person5354,51,MECH,22798
Person5355,52,IT,72451
Person5356,47,CSE,85949
Person5357,49,IT,38653
Person5358,22,MECH,61809
Person5359,33,IT,65825
Person5360,46,ECE,73408
Person5361,52,IT,98353
Person5362,43,MECH,90817
Person5363,54,MECH,45276
Person5364,30,MECH,98055
Person5365,26,ECE,22795
Person5366,23,MECH,96947
Person5367,43,IT,31425
Person5368,46,IT,29118
Person5369,31,CSE,29545
Person5370,51,MECH,29761
Person5371,49,IT,57062
Person5372,34,MECH,71213
Person5373,29,ECE,79572
Person5374,49,ECE,21271
Person5375,46,MECH,43715
Person5376,26,MECH,30586
Person5377,30,ECE,31667
Person5378,39,ECE,79713
Person5379,40,ECE,71261
Person5380,26,CSE,36795
Person5381,57,CSE,44094
Person5382,35,CSE,93994
Person5383,35,ECE,66013
Person5384,22,MECH,39105
Person5385,55,ECE,94702
Person5386,29,IT,35889
Person5387,59,CSE,43307
Person5388,39,ECE,75421
Person5389,54,CSE,60999
Person5390,27,ECE,25540
Person5391,26,MECH,84544
Person5392,52,ECE,38252
Person5393,52,ECE,75337
Person5394,41,MECH,46750
Person5395,21,IT,80118
Person5396,57,CSE,91849
Person5397,35,CSE,81805
Person5398,57,CSE,93694
Person5399,54,MECH,63193
Person5400,54,IT,25204
Person5401,47,CSE,62884
Person5402,46,CSE,56899
Person5403,41,MECH,77511
Person5404,20,IT,39895
Person5405,35,MECH,75811
Person5406,49,IT,55332
Person5407,52,MECH,73604
Person5408,42,CSE,53581
Person5409,48,ECE,50570
Person5410,20,IT,37141
Person5411,38,MECH,86283
Person5412,40,CSE,25494
Person5413,55,CSE,38896
Person5414,32,MECH,54133
Person5415,29,ECE,32458
Person5416,34,MECH,93337
Person5417,26,ECE,47612
Person5418,42,ECE,39391
Person5419,45,MECH,40306
Person5420,52,CSE,35334
Person5421,58,ECE,73054
Person5422,22,ECE,58502
Person5423,29,IT,38481
Person5424,32,MECH,89864
Person5425,29,ECE,72519
Person5426,53,ECE,52232
Person5427,25,CSE,61057
Person5428,21,CSE,72497
Person5429,54,ECE,32196
Person5430,58,IT,84669
Person5431,29,CSE,40671
Person5432,33,CSE,22367
Person5433,40,MECH,61738
Person5434,41,CSE,90113
Person5435,59,IT,78648
Person5436,36,IT,44676
Person5437,20,IT,51860
Person5438,36,ECE,67676
Person5439,42,ECE,38626
Person5440,40,ECE,85605
Person5441,40,CSE,43606
Person5442,56,MECH,37334
Person5443,52,IT,27609
Person5444,30,ECE,75461
Person5445,34,CSE,22011
Person5446,46,MECH,84437
Person5447,36,ECE,97850
Person5448,37,IT,28889
Person5449,26,IT,27712
Person5450,30,IT,94760
Person5451,49,ECE,29990
Person5452,53,IT,52610
Person5453,51,CSE,89677
Person5454,32,ECE,31118
Person5455,25,ECE,73080
Person5456,26,IT,50609
Person5457,35,MECH,54885
Person5458,40,ECE,94485
Person5459,55,CSE,71921
Person5460,55,IT,45555
Person5461,20,MECH,94798
Person5462,48,IT,66461
Person5463,31,ECE,27950
Person5464,27,CSE,51409
Person5465,42,ECE,39496
Person5466,21,MECH,71394
Person5467,33,CSE,88824
Person5468,42,CSE,23128
Person5469,30,IT,82451
Person5470,43,MECH,93305
Person5471,38,ECE,99540
Person5472,51,MECH,72894
Person5473,27,MECH,45112
Person5474,22,CSE,31625
Person5475,41,ECE,95590
Person5476,30,ECE,53000
Person5477,48,CSE,47495
Person5478,23,CSE,78717
Person5479,43,ECE,77207
Person5480,59,MECH,84748
Person5481,23,MECH,90619
Person5482,32,IT,90161
Person5483,53,ECE,33662
Person5484,41,MECH,33568
Person5485,26,IT,36451
Person5486,28,MECH,70184
Person5487,50,IT,66476
Person5488,54,CSE,88580
Person5489,34,IT,87505
Person5490,38,MECH,85069
Person5491,51,MECH,26315
Person5492,27,CSE,75648
Person5493,28,MECH,88070
Person5494,50,IT,98591
Person5495,27,MECH,47449
Person5496,50,CSE,82136
Person5497,39,ECE,52498
Person5498,59,MECH,32862
Person5499,21,IT,47188
Person5500,57,ECE,40097
Person5501,29,IT,92918
Person5502,21,IT,34051
Person5503,48,ECE,30463
Person5504,41,CSE,66380
Person5505,53,IT,65941
Person5506,24,MECH,64888
Person5507,23,IT,31848
Person5508,42,IT,59884
Person5509,55,ECE,94287
Person5510,36,CSE,27184
Person5511,51,IT,83834
Person5512,56,MECH,30062
Person5513,54,CSE,38705
Person5514,40,MECH,91851
Person5515,47,CSE,43822
Person5516,41,ECE,61793
Person5517,46,ECE,50521
Person5518,42,ECE,69139
Person5519,41,MECH,52433
Person5520,37,IT,55506
Person5521,46,ECE,85387
Person5522,50,MECH,64329
Person5523,56,IT,65162
Person5524,44,MECH,84446
Person5525,24,ECE,54235
Person5526,43,MECH,85886
Person5527,32,ECE,77555
Person5528,21,ECE,90698
Person5529,22,MECH,56629
Person5530,43,ECE,64693
Person5531,57,CSE,30259
Person5532,40,IT,28907
Person5533,37,MECH,28599
Person5534,23,CSE,70640
Person5535,47,ECE,46076
Person5536,22,ECE,43113
Person5537,53,IT,68229
Person5538,52,IT,51871
Person5539,59,MECH,30787
Person5540,31,ECE,64595
Person5541,26,CSE,64010
Person5542,31,CSE,31174
Person5543,51,CSE,41568
Person5544,28,IT,38981
Person5545,55,CSE,75633
Person5546,26,MECH,39930
Person5547,21,IT,22261
Person5548,28,ECE,41340
Person5549,50,MECH,57521
Person5550,44,IT,81551
Person5551,34,ECE,24181
Person5552,46,ECE,90497
Person5553,45,CSE,46440
Person5554,42,ECE,47410
Person5555,40,IT,21246
Person5556,24,MECH,42107
Person5557,30,CSE,57527
Person5558,41,MECH,70087
Person5559,25,MECH,81361
Person5560,39,CSE,61817
Person5561,24,IT,28017
Person5562,51,CSE,51314
Person5563,24,ECE,78817
Person5564,23,ECE,71163
Person5565,45,MECH,66735
Person5566,28,IT,60668
Person5567,34,CSE,60368
Person5568,32,ECE,99442
Person5569,28,ECE,67958
Person5570,50,IT,67767
Person5571,47,IT,46871
Person5572,29,ECE,59202
Person5573,47,MECH,76827
Person5574,48,IT,88641
Person5575,41,IT,82373
Person5576,43,MECH,72987
Person5577,57,MECH,82257
Person5578,38,IT,22635
Person5579,35,CSE,41556
Person5580,41,ECE,39445
Person5581,53,MECH,72312
Person5582,48,CSE,80267
Person5583,23,MECH,31847
Person5584,38,IT,35433
Person5585,49,CSE,59633
Person5586,28,IT,97464
Person5587,59,ECE,20210
Person5588,52,IT,90356
Person5589,53,MECH,35486
Person5590,23,CSE,41481
Person5591,43,MECH,70538
Person5592,41,CSE,78301
Person5593,45,CSE,89948
Person5594,54,IT,20439
Person5595,34,IT,23922
Person5596,41,CSE,58258
Person5597,47,ECE,64684
Person5598,50,CSE,40867
Person5599,50,ECE,70942
Person5600,33,IT,41219
Person5601,59,CSE,94591
Person5602,20,MECH,34194
Person5603,39,IT,72411
Person5604,44,IT,62425
Person5605,22,ECE,28242
Person5606,38,MECH,68386
Person5607,43,ECE,31739
Person5608,44,CSE,63166
Person5609,24,CSE,70861
Person5610,31,MECH,25774
Person5611,29,MECH,37249
Person5612,45,MECH,43656
Person5613,33,IT,94264
Person5614,42,MECH,37693
Person5615,49,ECE,93654
Person5616,51,ECE,62718
Person5617,27,IT,95892
Person5618,56,IT,86502
Person5619,26,CSE,43436
Person5620,20,IT,64781
Person5621,21,CSE,77355
Person5622,28,IT,26269
Person5623,54,MECH,73041
Person5624,28,MECH,56773
Person5625,47,MECH,22848
Person5626,36,MECH,89361
Person5627,21,ECE,41245
Person5628,37,IT,89935
Person5629,21,MECH,36541
Person5630,39,MECH,63332
Person5631,42,ECE,49664
Person5632,40,CSE,91439
Person5633,31,MECH,96244
Person5634,50,ECE,81605
Person5635,43,MECH,87648
Person5636,30,ECE,81513
Person5637,37,IT,43473
Person5638,24,MECH,93631
Person5639,56,ECE,62402
Person5640,50,MECH,47477
Person5641,31,MECH,35381
Person5642,46,MECH,76781
Person5643,47,MECH,42194
Person5644,44,IT,72213
Person5645,22,ECE,25200
Person5646,55,ECE,70784
Person5647,58,ECE,71408
Person5648,58,MECH,61977
Person5649,59,IT,72553
Person5650,57,MECH,99502
Person5651,49,CSE,87080
Person5652,22,IT,55164
Person5653,38,IT,89724
Person5654,29,ECE,96355
Person5655,28,CSE,32804
Person5656,53,ECE,48714
Person5657,52,IT,79443
Person5658,40,MECH,61197
Person5659,49,CSE,30776
Person5660,25,CSE,57801
Person5661,28,IT,49897
Person5662,54,ECE,79105
Person5663,38,MECH,61242
Person5664,41,ECE,31193
Person5665,38,CSE,23957
Person5666,28,ECE,42984
Person5667,53,MECH,32541
Person5668,50,ECE,90102
Person5669,47,MECH,41689
Person5670,34,ECE,70759
Person5671,45,ECE,30203
Person5672,58,ECE,55337
Person5673,45,ECE,94727
Person5674,39,ECE,71475
Person5675,30,MECH,43065
Person5676,40,ECE,79813
Person5677,34,MECH,60093
Person5678,44,ECE,38808
Person5679,21,ECE,99722
Person5680,27,IT,95006
Person5681,51,IT,65331
Person5682,35,ECE,22654
Person5683,37,ECE,52919
Person5684,41,MECH,61116
Person5685,37,CSE,94383
Person5686,50,ECE,78639
Person5687,29,MECH,37799
Person5688,50,MECH,60801
Person5689,28,CSE,34360
Person5690,34,CSE,57907
Person5691,43,ECE,62829
Person5692,55,CSE,60782
Person5693,29,MECH,54184
Person5694,43,IT,54979
Person5695,22,ECE,83758
Person5696,23,ECE,60469
Person5697,50,CSE,23360
Person5698,48,CSE,79266
Person5699,35,MECH,69418
Person5700,44,ECE,75655
Person5701,35,MECH,76854
Person5702,31,MECH,33855
Person5703,37,IT,97753
Person5704,32,CSE,99231
Person5705,52,MECH,31661
Person5706,36,IT,37515
Person5707,32,ECE,39699
Person5708,41,CSE,97316
Person5709,50,ECE,94595
Person5710,30,IT,41201
Person5711,57,IT,70450
Person5712,38,ECE,39476
Person5713,46,CSE,23043
Person5714,58,ECE,38425
Person5715,37,CSE,26187
Person5716,27,MECH,87819
Person5717,49,IT,82835
Person5718,20,CSE,34744
Person5719,38,MECH,65397
Person5720,59,IT,36412
Person5721,36,MECH,65233
Person5722,47,IT,91677
Person5723,41,CSE,90389
Person5724,28,MECH,86645
Person5725,32,CSE,39287
Person5726,40,IT,35259
Person5727,24,ECE,32834
Person5728,36,CSE,30170
Person5729,36,MECH,69104
Person5730,53,MECH,72675
Person5731,24,ECE,90593
Person5732,53,ECE,27226
Person5733,36,CSE,41220
Person5734,46,IT,78236
Person5735,42,CSE,74503
Person5736,31,IT,54194
Person5737,57,MECH,32190
Person5738,28,MECH,58736
Person5739,21,MECH,33752
Person5740,50,IT,62841
Person5741,44,CSE,92120
Person5742,55,IT,35655
Person5743,38,CSE,29437
Person5744,20,IT,79010
Person5745,20,ECE,21947
Person5746,37,IT,98672
Person5747,29,CSE,81995
Person5748,56,ECE,52270
Person5749,24,MECH,49000
Person5750,55,IT,50948
Person5751,28,CSE,51732
Person5752,24,CSE,87164
Person5753,30,MECH,83988
Person5754,25,CSE,36366
Person5755,36,IT,34394
Person5756,33,CSE,63244
Person5757,41,IT,72026
Person5758,41,MECH,78173
Person5759,20,IT,45082
Person5760,24,CSE,58596
Person5761,26,ECE,28341
Person5762,27,ECE,56459
Person5763,23,CSE,74999
Person5764,32,CSE,44353
Person5765,41,ECE,45493
Person5766,32,MECH,56982
Person5767,33,MECH,89328
Person5768,38,CSE,68328
Person5769,41,CSE,93522
Person5770,33,MECH,24933
Person5771,28,ECE,87924
Person5772,36,IT,23500
Person5773,20,ECE,45788
Person5774,39,ECE,54126
Person5775,57,CSE,38926
Person5776,35,ECE,99143
Person5777,24,MECH,91424
Person5778,48,ECE,65699
Person5779,25,MECH,56235
Person5780,27,CSE,80940
Person5781,25,MECH,76619
Person5782,55,ECE,58450
Person5783,59,IT,86173
Person5784,42,ECE,35434
Person5785,44,CSE,42214
Person5786,45,MECH,21411
Person5787,44,CSE,29527
Person5788,41,IT,35902
Person5789,59,ECE,69986
Person5790,49,IT,88441
Person5791,23,MECH,67215
Person5792,35,ECE,55632
Person5793,58,MECH,41616
Person5794,36,CSE,28114
Person5795,28,CSE,66776
Person5796,54,IT,31266
Person5797,44,IT,83228
Person5798,42,IT,52708
Person5799,36,ECE,48000
Person5800,24,ECE,22132
Person5801,35,ECE,39385
Person5802,37,MECH,21068
Person5803,57,MECH,78000
Person5804,32,IT,59190
Person5805,25,IT,82869
Person5806,37,ECE,65218
Person5807,59,MECH,96343
Person5808,39,MECH,82702
Person5809,35,IT,31806
Person5810,46,ECE,29328
Person5811,45,CSE,91141
Person5812,31,ECE,41528
Person5813,58,MECH,81207
Person5814,43,IT,70285
Person5815,22,IT,76151
Person5816,36,CSE,41342
Person5817,56,MECH,45044
Person5818,35,CSE,64387
Person5819,42,ECE,21775
Person5820,44,IT,44931
Person5821,48,IT,60604
Person5822,54,CSE,36357
Person5823,25,CSE,42861
Person5824,40,MECH,98682
Person5825,41,ECE,43185
Person5826,26,ECE,92193
Person5827,46,IT,94171
Person5828,24,IT,73911
Person5829,38,IT,32237
Person5830,33,IT,36454
Person5831,26,IT,94738
Person5832,52,MECH,20118
Person5833,29,IT,60304
Person5834,30,MECH,67702
Person5835,54,CSE,87062
Person5836,55,IT,91605
Person5837,21,IT,42687
Person5838,31,ECE,60203
Person5839,48,ECE,70713
Person5840,51,MECH,97214
Person5841,59,MECH,64527
Person5842,42,MECH,29744
Person5843,20,ECE,93933
Person5844,54,IT,60995
Person5845,26,IT,34343
Person5846,24,IT,35222
Person5847,46,MECH,36365
Person5848,44,CSE,77700
Person5849,22,IT,95917
Person5850,26,CSE,55309
Person5851,43,CSE,27837
Person5852,30,ECE,91079
Person5853,47,CSE,70774
Person5854,36,MECH,65660
Person5855,43,ECE,24845
Person5856,38,CSE,97648
Person5857,34,CSE,26159
Person5858,33,CSE,68832
Person5859,47,MECH,67771
Person5860,40,IT,61107
Person5861,43,ECE,64109
Person5862,43,CSE,51830
Person5863,28,MECH,65842
Person5864,56,IT,49107
Person5865,42,CSE,57892
Person5866,48,IT,74249
Person5867,55,CSE,79388
Person5868,56,ECE,32267
Person5869,46,MECH,99375
Person5870,51,CSE,27735
Person5871,38,ECE,42062
Person5872,49,CSE,47745
Person5873,32,CSE,45875
Person5874,48,IT,48149
Person5875,23,CSE,45843
Person5876,56,CSE,54881
Person5877,29,CSE,81061
Person5878,46,CSE,86197
Person5879,20,MECH,47841
Person5880,26,IT,40674
Person5881,59,CSE,74138
Person5882,53,MECH,24765
Person5883,28,ECE,55671
Person5884,25,CSE,37600
Person5885,52,MECH,68624
Person5886,59,CSE,26263
Person5887,26,MECH,86321
Person5888,46,MECH,41599
Person5889,31,MECH,61124
Person5890,49,CSE,65779
Person5891,36,ECE,58013
Person5892,25,MECH,55839
Person5893,32,IT,41357
Person5894,41,CSE,81802
Person5895,51,ECE,61272
Person5896,20,IT,37262
Person5897,58,ECE,40992
Person5898,45,ECE,55090
Person5899,55,IT,87485
Person5900,57,IT,96909
Person5901,26,MECH,51109
Person5902,23,MECH,51610
Person5903,51,MECH,30328
Person5904,27,ECE,63654
Person5905,25,IT,39197
Person5906,38,CSE,85564
Person5907,56,CSE,62766
Person5908,51,MECH,37749
Person5909,40,IT,93303
Person5910,27,IT,85234
Person5911,33,MECH,44044
Person5912,47,ECE,29609
Person5913,26,ECE,41150
Person5914,40,ECE,50135
Person5915,20,ECE,52524
Person5916,33,ECE,85784
Person5917,29,CSE,97420
Person5918,47,ECE,79782
Person5919,56,IT,87617
Person5920,25,MECH,30010
Person5921,51,CSE,31973
Person5922,46,ECE,92650
Person5923,58,ECE,69100
Person5924,56,ECE,38857
Person5925,24,MECH,83349
Person5926,49,IT,33997
Person5927,43,MECH,81440
Person5928,24,ECE,90649
Person5929,30,CSE,59107
Person5930,57,CSE,72509
Person5931,41,IT,78546
Person5932,33,MECH,90428
Person5933,32,MECH,66686
Person5934,53,MECH,43479
Person5935,31,IT,36115
Person5936,26,IT,48443
Person5937,42,CSE,24484
Person5938,59,ECE,75892
Person5939,27,CSE,49559
Person5940,30,ECE,76925
Person5941,38,MECH,24955
Person5942,27,CSE,45749
Person5943,46,CSE,51601
Person5944,30,ECE,27003
Person5945,25,MECH,86310
Person5946,30,MECH,67804
Person5947,57,CSE,87543
Person5948,57,CSE,84148
Person5949,40,IT,22725
Person5950,36,MECH,89227
Person5951,52,IT,25562
Person5952,27,IT,89693
Person5953,46,IT,73589
Person5954,47,MECH,85554
Person5955,48,IT,59999
Person5956,28,ECE,32812
Person5957,48,IT,31948
Person5958,44,ECE,29497
Person5959,55,ECE,84442
Person5960,26,MECH,62686
Person5961,44,ECE,37319
Person5962,53,CSE,29988
Person5963,31,IT,26251
Person5964,49,ECE,40647
Person5965,23,IT,79960
Person5966,48,ECE,91392
Person5967,44,IT,68650
Person5968,27,MECH,99656
Person5969,22,IT,51555
Person5970,49,IT,46601
Person5971,29,CSE,75418
Person5972,39,IT,30773
Person5973,22,IT,92910
Person5974,58,MECH,82411
Person5975,41,IT,22734
Person5976,57,IT,34978
Person5977,26,MECH,70214
Person5978,28,ECE,79083
Person5979,44,IT,37453
Person5980,44,CSE,79755
Person5981,51,MECH,57931
Person5982,57,IT,74018
Person5983,52,IT,53918
Person5984,25,ECE,56339
Person5985,32,CSE,51198
Person5986,56,ECE,32555
Person5987,41,IT,35228
Person5988,54,MECH,33414
Person5989,42,CSE,84211
Person5990,21,CSE,53861
Person5991,38,ECE,50361
Person5992,52,ECE,88453
Person5993,46,CSE,90975
Person5994,25,ECE,38718
Person5995,28,ECE,48373
Person5996,54,CSE,52939
Person5997,59,CSE,87177
Person5998,50,MECH,73730
Person5999,23,IT,63557
Person6000,44,IT,38810
Person6001,53,MECH,50850
Person6002,45,CSE,22307
Person6003,43,IT,76322
Person6004,38,IT,93508
Person6005,29,ECE,82932
Person6006,31,ECE,44743
Person6007,49,CSE,58615
Person6008,22,IT,96608
Person6009,23,IT,54033
Person6010,35,CSE,87129
Person6011,50,MECH,66193
Person6012,46,ECE,59914
Person6013,43,MECH,66813
Person6014,41,CSE,37888
Person6015,24,IT,54038
Person6016,33,ECE,44348
Person6017,23,IT,80613
Person6018,50,CSE,68990
Person6019,50,MECH,51977
Person6020,30,ECE,85800
Person6021,31,IT,56239
Person6022,32,MECH,96263
Person6023,55,MECH,68425
Person6024,39,CSE,90857
Person6025,50,MECH,98947
Person6026,37,CSE,46159
Person6027,47,ECE,40854
Person6028,41,CSE,86850
Person6029,31,CSE,38556
Person6030,55,MECH,80167
Person6031,48,CSE,34150
Person6032,50,MECH,89587
Person6033,57,IT,75155
Person6034,29,CSE,61683
Person6035,23,MECH,55927
Person6036,43,ECE,70981
Person6037,33,ECE,51088
Person6038,37,MECH,51823
Person6039,29,MECH,36327
Person6040,35,MECH,32627
Person6041,35,CSE,91291
Person6042,34,MECH,79936
Person6043,49,ECE,55453
Person6044,43,ECE,86537
Person6045,38,IT,68615
Person6046,24,CSE,67926
Person6047,42,ECE,29002
Person6048,27,ECE,63062
Person6049,32,CSE,28637
Person6050,36,IT,74714
Person6051,25,ECE,25388
Person6052,35,MECH,61139
Person6053,30,ECE,49387
Person6054,53,IT,30465
Person6055,54,MECH,57830
Person6056,20,ECE,36053
Person6057,44,IT,39566
Person6058,45,IT,91191
Person6059,35,MECH,47974
Person6060,38,CSE,52315
Person6061,51,MECH,20500
Person6062,35,MECH,44041
Person6063,22,ECE,48087
Person6064,34,CSE,77532
Person6065,30,MECH,29533
Person6066,35,IT,94390
Person6067,29,ECE,30270
Person6068,25,ECE,72223
Person6069,59,CSE,20360
Person6070,25,MECH,85568
Person6071,48,IT,75710
Person6072,48,IT,87004
Person6073,44,ECE,94502
Person6074,56,CSE,86719
Person6075,20,ECE,69723
Person6076,32,IT,87077
Person6077,27,CSE,27696
Person6078,43,CSE,71616
Person6079,45,IT,99171
Person6080,55,MECH,50175
Person6081,35,CSE,98046
Person6082,29,CSE,60532
Person6083,56,ECE,57458
Person6084,46,MECH,44009
Person6085,50,IT,28629
Person6086,37,IT,90108
Person6087,37,ECE,77659
Person6088,35,ECE,52016
Person6089,49,IT,96917
Person6090,28,IT,34706
Person6091,59,CSE,82295
Person6092,27,MECH,56176
Person6093,38,MECH,69936
Person6094,32,CSE,22979
Person6095,45,IT,68866
Person6096,47,ECE,74333
Person6097,56,MECH,98233
Person6098,51,ECE,47689
Person6099,29,MECH,25849
Person6100,28,IT,24933
Person6101,55,ECE,31964
Person6102,39,ECE,43955
Person6103,23,IT,86464
Person6104,52,IT,35614
Person6105,45,IT,31609
Person6106,21,IT,22549
Person6107,51,MECH,50663
Person6108,44,IT,68278
Person6109,44,IT,42519
Person6110,54,CSE,59638
Person6111,39,MECH,39475
Person6112,38,CSE,84000
Person6113,44,MECH,22057
Person6114,27,ECE,36055
Person6115,26,ECE,65300
Person6116,53,IT,87394
Person6117,28,MECH,52099
Person6118,40,MECH,25571
Person6119,30,IT,64127
Person6120,29,CSE,41631
Person6121,43,MECH,44360
Person6122,52,CSE,93780
Person6123,37,CSE,95316
Person6124,25,CSE,40702
Person6125,29,MECH,67307
Person6126,26,MECH,63266
Person6127,55,IT,96896
Person6128,32,ECE,95696
Person6129,34,IT,48000
Person6130,22,ECE,22033
Person6131,37,CSE,20183
Person6132,56,CSE,20371
Person6133,36,CSE,82501
Person6134,46,ECE,79191
Person6135,27,ECE,86190
Person6136,25,IT,31163
Person6137,49,CSE,24696
Person6138,22,ECE,33633
Person6139,37,IT,70029
Person6140,32,CSE,20719
Person6141,20,ECE,72881
Person6142,41,CSE,91112
Person6143,58,MECH,31658
Person6144,22,IT,79108
Person6145,52,CSE,64201
Person6146,41,ECE,95533
Person6147,48,ECE,39455
Person6148,23,IT,38151
Person6149,54,IT,21316
Person6150,20,CSE,76410
Person6151,56,ECE,89352
Person6152,46,IT,21502
Person6153,33,CSE,59335
Person6154,20,IT,77928
Person6155,44,CSE,82535
Person6156,23,MECH,94423
Person6157,44,IT,77831
Person6158,50,MECH,93643
Person6159,30,IT,99496
Person6160,29,MECH,94200
Person6161,28,CSE,55036
Person6162,28,MECH,52562
Person6163,24,MECH,54204
Person6164,29,ECE,96056
Person6165,46,CSE,42540
Person6166,32,MECH,80187
Person6167,51,MECH,70011
Person6168,52,IT,24938
Person6169,50,CSE,58889
Person6170,41,MECH,35578
Person6171,32,IT,78300
Person6172,57,IT,55787
Person6173,28,IT,48520
Person6174,38,CSE,25250
Person6175,38,CSE,30467
Person6176,49,MECH,81122
Person6177,41,ECE,88994
Person6178,51,CSE,43290
Person6179,56,CSE,86243
Person6180,35,CSE,64160
Person6181,54,ECE,48080
Person6182,26,MECH,56117
Person6183,56,CSE,75228
Person6184,27,CSE,92728
Person6185,54,ECE,59392
Person6186,35,IT,47728
Person6187,58,IT,80877
Person6188,25,ECE,62007
Person6189,38,CSE,51210
Person6190,56,CSE,56782
Person6191,21,IT,62851
Person6192,30,ECE,31217
Person6193,23,CSE,24625
Person6194,32,IT,73181
Person6195,35,MECH,33992
Person6196,44,ECE,62530
Person6197,30,ECE,82541
Person6198,26,CSE,37198
Person6199,26,IT,50525
Person6200,57,IT,98263
Person6201,58,CSE,22808
Person6202,28,MECH,80457
Person6203,27,CSE,33410
Person6204,22,ECE,92453
Person6205,58,MECH,52927
Person6206,48,CSE,20542
Person6207,50,MECH,77433
Person6208,31,CSE,31780
Person6209,45,MECH,49078
Person6210,22,ECE,60186
Person6211,47,CSE,79614
Person6212,43,IT,53514
Person6213,33,ECE,88644
Person6214,48,IT,58536
Person6215,45,IT,47290
Person6216,37,CSE,46967
Person6217,27,MECH,84030
Person6218,20,ECE,73189
Person6219,57,MECH,30150
Person6220,31,MECH,80029
Person6221,32,ECE,53222
Person6222,47,MECH,47906
Person6223,30,ECE,27804
Person6224,35,IT,99857
Person6225,48,IT,24202
Person6226,43,CSE,99731
Person6227,46,MECH,25162
Person6228,20,IT,60426
Person6229,38,CSE,28380
Person6230,39,MECH,59426
Person6231,45,IT,86858
Person6232,26,CSE,67203
Person6233,26,MECH,63494
Person6234,50,IT,29517
Person6235,46,ECE,95791
Person6236,52,CSE,50031
Person6237,30,ECE,63040
Person6238,59,ECE,91815
Person6239,30,MECH,70296
Person6240,46,ECE,78796
Person6241,26,ECE,34758
Person6242,56,IT,56806
Person6243,33,MECH,63246
Person6244,52,IT,34058
Person6245,33,MECH,50824
Person6246,51,IT,86516
Person6247,38,CSE,94514
Person6248,22,IT,85868
Person6249,27,IT,94713
Person6250,47,CSE,99880
Person6251,27,ECE,35879
Person6252,31,ECE,88440
Person6253,41,ECE,69610
Person6254,30,IT,88711
Person6255,25,MECH,71054
Person6256,44,CSE,29995
Person6257,47,MECH,65002
Person6258,49,IT,80831
Person6259,57,ECE,29946
Person6260,24,IT,60361
Person6261,37,MECH,72321
Person6262,29,IT,57142
Person6263,56,IT,83926
Person6264,41,CSE,30158
Person6265,23,IT,47618
Person6266,47,CSE,96103
Person6267,21,IT,61164
Person6268,30,IT,34479
Person6269,48,ECE,29306
Person6270,40,CSE,67453
Person6271,50,ECE,94455
Person6272,42,ECE,23933
Person6273,53,MECH,28763
Person6274,42,CSE,50017
Person6275,22,CSE,36670
Person6276,22,ECE,29686
Person6277,51,IT,43878
Person6278,21,ECE,71424
Person6279,35,ECE,86063
Person6280,20,CSE,44511
Person6281,32,ECE,76052
Person6282,43,ECE,85851
Person6283,26,ECE,20561
Person6284,38,ECE,88226
Person6285,59,ECE,34684
Person6286,22,MECH,74804
Person6287,22,ECE,80012
Person6288,30,IT,87623
Person6289,53,MECH,52306
Person6290,36,MECH,72761
Person6291,45,MECH,22097
Person6292,21,IT,55753
Person6293,49,ECE,97113
Person6294,22,IT,32682
Person6295,48,CSE,32098
Person6296,25,CSE,76010
Person6297,54,IT,60837
Person6298,31,IT,56395
Person6299,27,CSE,39865
Person6300,33,MECH,33701
Person6301,20,MECH,78997
Person6302,26,CSE,48620
Person6303,43,MECH,82138
Person6304,32,MECH,55467
Person6305,34,MECH,51777
Person6306,52,MECH,38409
Person6307,24,IT,72675
Person6308,35,CSE,42771
Person6309,27,MECH,92725
Person6310,39,ECE,52666
Person6311,33,IT,85184
Person6312,21,ECE,57596
Person6313,22,IT,53191
Person6314,54,MECH,56255
Person6315,22,CSE,55318
Person6316,51,IT,58318
Person6317,56,CSE,90950
Person6318,38,ECE,76246
Person6319,32,ECE,22749
Person6320,51,MECH,24657
Person6321,59,ECE,21824
Person6322,24,MECH,75273
Person6323,58,MECH,36463
Person6324,57,CSE,50822
Person6325,25,CSE,86209
Person6326,22,ECE,30543
Person6327,48,CSE,32257
Person6328,23,IT,26355
Person6329,44,ECE,42822
Person6330,22,ECE,27169
Person6331,47,MECH,70325
Person6332,29,IT,78941
Person6333,23,MECH,34739
Person6334,22,MECH,61945
Person6335,27,IT,44249
Person6336,41,IT,26422
Person6337,23,CSE,57353
Person6338,52,CSE,75782
Person6339,44,ECE,38248
Person6340,31,IT,83048
Person6341,59,IT,99393
Person6342,46,MECH,24503
Person6343,46,MECH,33075
Person6344,26,CSE,43152
Person6345,48,MECH,87994
Person6346,42,CSE,31368
Person6347,59,MECH,57607
Person6348,39,CSE,62991
Person6349,47,CSE,30329
Person6350,33,IT,23360
Person6351,21,IT,29478
Person6352,25,MECH,24496
Person6353,54,MECH,60023
Person6354,49,CSE,94925
Person6355,34,MECH,48281
Person6356,47,MECH,40537
Person6357,20,MECH,38768
Person6358,21,ECE,98507
Person6359,40,ECE,96715
Person6360,44,IT,71881
Person6361,57,ECE,57070
Person6362,50,IT,32785
Person6363,30,IT,94304
Person6364,52,IT,20108
Person6365,39,MECH,33119
Person6366,53,CSE,74291
Person6367,26,CSE,34677
Person6368,21,MECH,28658
Person6369,22,ECE,67682
Person6370,59,CSE,22098
Person6371,23,IT,41590
Person6372,57,IT,71418
Person6373,49,ECE,34795
Person6374,25,MECH,80746
Person6375,54,ECE,27574
Person6376,25,ECE,69061
Person6377,25,MECH,26101
Person6378,43,ECE,78543
Person6379,31,IT,80253
Person6380,31,CSE,83585
Person6381,27,MECH,42573
Person6382,44,IT,38904
Person6383,21,IT,98273
Person6384,29,CSE,78359
Person6385,42,CSE,34649
Person6386,39,MECH,22334
Person6387,47,IT,48355
Person6388,28,IT,73210
Person6389,45,IT,49992
Person6390,50,CSE,84620
Person6391,35,MECH,60012
Person6392,30,MECH,99303
Person6393,42,MECH,89650
Person6394,43,IT,57699
Person6395,23,CSE,86781
Person6396,42,ECE,55852
Person6397,26,ECE,20796
Person6398,42,IT,44642
Person6399,57,CSE,52740
Person6400,41,ECE,98115
Person6401,50,CSE,86234
Person6402,32,CSE,31729
Person6403,56,IT,20015
Person6404,52,IT,62303
Person6405,56,ECE,62691
Person6406,49,MECH,78830
Person6407,45,MECH,40758
Person6408,41,IT,84975
Person6409,57,ECE,53021
Person6410,53,IT,46766
Person6411,36,ECE,53624
Person6412,23,MECH,95559
Person6413,20,ECE,51340
Person6414,29,MECH,64846
Person6415,22,ECE,91356
Person6416,28,IT,21462
Person6417,24,MECH,62917
Person6418,59,ECE,76667
Person6419,23,IT,92299
Person6420,45,MECH,24921
Person6421,34,ECE,78139
Person6422,26,CSE,84204
Person6423,48,IT,48089
Person6424,58,IT,79689
Person6425,51,MECH,59485
Person6426,59,IT,72647
Person6427,43,MECH,51188
Person6428,46,CSE,34174
Person6429,25,CSE,86285
Person6430,54,CSE,37315
Person6431,49,CSE,35007
Person6432,30,MECH,90886
Person6433,34,IT,94912
Person6434,44,CSE,68745
Person6435,20,MECH,66433
Person6436,52,CSE,48863
Person6437,31,ECE,68940
Person6438,22,IT,68737
Person6439,33,IT,61344
Person6440,53,IT,72410
Person6441,30,ECE,64359
Person6442,41,IT,90337
Person6443,52,IT,73414
Person6444,21,ECE,50816
Person6445,50,ECE,72402
Person6446,31,CSE,38408
Person6447,47,IT,37131
Person6448,27,CSE,86146
Person6449,25,ECE,66595
Person6450,51,ECE,24299
Person6451,52,CSE,48370
Person6452,59,IT,98739
Person6453,47,MECH,70962
Person6454,38,CSE,89487
Person6455,27,CSE,63826
Person6456,31,CSE,23408
Person6457,45,IT,34374
Person6458,33,ECE,27369
Person6459,39,MECH,78778
Person6460,26,CSE,80529
Person6461,37,CSE,56561
Person6462,29,MECH,77954
Person6463,24,CSE,64115
Person6464,25,MECH,79185
Person6465,40,IT,73811
Person6466,34,ECE,56448
Person6467,23,MECH,72229
Person6468,40,IT,45488
Person6469,26,IT,79914
Person6470,20,CSE,93092
Person6471,25,CSE,36540
Person6472,37,IT,73363
Person6473,58,IT,28831
Person6474,29,ECE,50199
Person6475,31,MECH,73534
Person6476,29,MECH,42192
Person6477,34,MECH,38878
Person6478,48,IT,50710
Person6479,32,ECE,29168
Person6480,46,IT,70035
Person6481,55,CSE,30498
Person6482,57,CSE,46652
Person6483,42,IT,45024
Person6484,48,CSE,97431
Person6485,56,IT,99342
Person6486,51,ECE,26344
Person6487,31,ECE,32580
Person6488,25,CSE,78574
Person6489,24,IT,43882
Person6490,55,ECE,71528
Person6491,42,CSE,93658
Person6492,31,ECE,33028
Person6493,33,CSE,97064
Person6494,31,IT,24198
Person6495,52,CSE,38307
Person6496,44,ECE,60605
Person6497,55,ECE,90436
Person6498,32,CSE,64310
Person6499,38,CSE,31113
Person6500,24,MECH,39913
Person6501,58,ECE,80922
Person6502,40,CSE,64926
Person6503,42,CSE,21040
Person6504,36,IT,60125
Person6505,30,MECH,52529
Person6506,57,MECH,20046
Person6507,39,IT,39786
Person6508,46,CSE,94826
Person6509,21,MECH,76320
Person6510,31,IT,25663
Person6511,52,CSE,21284
Person6512,23,MECH,47675
Person6513,24,IT,57192
Person6514,52,MECH,56277
Person6515,32,CSE,75738
Person6516,30,MECH,33868
Person6517,42,IT,23736
Person6518,27,CSE,73814
Person6519,21,MECH,91792
Person6520,20,MECH,33418
Person6521,23,ECE,48895
Person6522,26,CSE,70132
Person6523,47,CSE,33221
Person6524,31,IT,88796
Person6525,22,IT,38037
Person6526,20,ECE,62607
Person6527,39,IT,47112
Person6528,53,IT,73393
Person6529,33,MECH,35870
Person6530,22,MECH,27858
Person6531,29,IT,60846
Person6532,39,MECH,89217
Person6533,27,IT,70634
Person6534,59,IT,80447
Person6535,50,CSE,54674
Person6536,33,MECH,31209
Person6537,58,MECH,54162
Person6538,33,IT,98999
Person6539,25,ECE,82535
Person6540,57,IT,76282
Person6541,58,ECE,44081
Person6542,32,ECE,67972
Person6543,43,CSE,69821
Person6544,26,ECE,72335
Person6545,45,IT,91433
Person6546,47,MECH,74526
Person6547,48,MECH,37721
Person6548,42,IT,37725
Person6549,48,ECE,69592
Person6550,42,MECH,89296
Person6551,52,ECE,95837
Person6552,27,IT,68772
Person6553,39,ECE,62383
Person6554,36,IT,85281
Person6555,41,MECH,98151
Person6556,25,IT,22229
Person6557,32,IT,44803
Person6558,58,IT,46708
Person6559,24,ECE,65143
Person6560,45,MECH,43590
Person6561,46,ECE,44882
Person6562,38,CSE,21952
Person6563,21,MECH,20297
Person6564,21,ECE,55998
Person6565,31,ECE,99784
Person6566,24,CSE,43651
Person6567,23,MECH,39204
Person6568,26,MECH,41154
Person6569,27,CSE,97848
Person6570,53,MECH,73107
Person6571,45,CSE,72242
Person6572,21,CSE,35149
Person6573,45,ECE,92314
Person6574,25,ECE,35737
Person6575,36,IT,97376
Person6576,21,CSE,96196
Person6577,23,ECE,65426
Person6578,25,MECH,89454
Person6579,37,CSE,99975
Person6580,38,IT,66428
Person6581,34,MECH,81386
Person6582,44,IT,67252
Person6583,48,IT,61905
Person6584,49,CSE,46775
Person6585,43,ECE,72395
Person6586,41,MECH,41381
Person6587,39,CSE,35541
Person6588,29,ECE,42036
Person6589,39,MECH,20882
Person6590,20,IT,94708
Person6591,58,ECE,40543
Person6592,34,IT,83995
Person6593,50,MECH,54797
Person6594,58,CSE,47154
Person6595,39,ECE,38244
Person6596,54,IT,85657
Person6597,39,CSE,61122
Person6598,25,CSE,55977
Person6599,21,ECE,72635
Person6600,25,IT,84209
Person6601,57,MECH,72463
Person6602,39,CSE,57428
Person6603,32,ECE,91501
Person6604,37,IT,91652
Person6605,30,CSE,97305
Person6606,54,MECH,27280
Person6607,59,ECE,91255
Person6608,23,IT,35454
Person6609,48,IT,69613
Person6610,33,IT,72639
Person6611,21,CSE,36461
Person6612,56,ECE,20650
Person6613,22,MECH,95476
Person6614,28,ECE,91298
Person6615,21,MECH,33988
Person6616,38,MECH,68106
Person6617,43,ECE,32114
Person6618,32,CSE,65323
Person6619,22,IT,45405
Person6620,24,IT,80133
Person6621,57,IT,65888
Person6622,52,ECE,59845
Person6623,57,ECE,74517
Person6624,41,ECE,58062
Person6625,41,CSE,21063
Person6626,51,CSE,67676
Person6627,44,ECE,82241
Person6628,37,IT,59229
Person6629,31,CSE,34001
Person6630,39,MECH,20627
Person6631,22,MECH,43718
Person6632,27,ECE,81443
Person6633,49,IT,45766
Person6634,54,CSE,96492
Person6635,24,IT,46595
Person6636,23,MECH,54209
Person6637,23,ECE,80829
Person6638,51,IT,69115
Person6639,32,ECE,23275
Person6640,33,IT,26102
Person6641,20,CSE,35721
Person6642,58,CSE,89730
Person6643,37,MECH,21785
Person6644,51,IT,25728
Person6645,48,CSE,82263
Person6646,25,IT,69828
Person6647,52,IT,98697
Person6648,42,ECE,37567
Person6649,44,IT,72763
Person6650,28,IT,30761
Person6651,53,CSE,67211
Person6652,57,IT,28494
Person6653,36,MECH,92645
Person6654,23,CSE,53279
Person6655,53,MECH,40396
Person6656,55,MECH,98760
Person6657,40,IT,25316
Person6658,43,IT,83991
Person6659,28,ECE,60797
Person6660,22,ECE,75008
Person6661,57,CSE,40827
Person6662,39,CSE,90507
Person6663,30,MECH,56086
Person6664,47,IT,53484
Person6665,21,CSE,56503
Person6666,23,MECH,43710
Person6667,29,MECH,45506
Person6668,38,CSE,31207
Person6669,34,CSE,58905
Person6670,27,ECE,57978
Person6671,34,MECH,50412
Person6672,33,ECE,98848
Person6673,40,IT,29044
Person6674,42,ECE,92823
Person6675,55,CSE,89338
Person6676,52,CSE,21781
Person6677,31,ECE,76101
Person6678,56,ECE,36735
Person6679,40,MECH,23304
Person6680,27,ECE,88880
Person6681,33,CSE,29262
Person6682,49,CSE,43911
Person6683,52,MECH,27721
Person6684,34,ECE,31356
Person6685,26,MECH,24939
Person6686,27,IT,87388
Person6687,24,ECE,24724
Person6688,47,MECH,80739
Person6689,40,IT,32568
Person6690,38,CSE,93192
Person6691,46,MECH,87829
Person6692,53,ECE,70355
Person6693,51,MECH,86258
Person6694,25,MECH,43866
Person6695,43,CSE,82651
Person6696,55,CSE,37726
Person6697,50,CSE,69176
Person6698,33,CSE,93551
Person6699,35,CSE,77879
Person6700,55,MECH,41567
Person6701,21,IT,79078
Person6702,41,ECE,90665
Person6703,24,IT,91145
Person6704,55,MECH,79133
Person6705,21,IT,78587
Person6706,20,MECH,82786
Person6707,33,CSE,78916
Person6708,28,MECH,30699
Person6709,39,MECH,84326
Person6710,31,MECH,34397
Person6711,34,IT,64508
Person6712,42,CSE,47156
Person6713,42,MECH,37042
Person6714,57,IT,42553
Person6715,39,CSE,26763
Person6716,42,ECE,55172
Person6717,47,IT,53523
Person6718,26,CSE,52274
Person6719,46,CSE,27334
Person6720,54,IT,68544
Person6721,32,CSE,33544
Person6722,27,MECH,88473
Person6723,33,IT,21907
Person6724,31,ECE,24421
Person6725,43,ECE,44016
Person6726,54,ECE,52630
Person6727,43,ECE,97599
Person6728,25,ECE,62024
Person6729,32,MECH,50314
Person6730,47,IT,87008
Person6731,33,IT,39271
Person6732,43,IT,91760
Person6733,47,CSE,52275
Person6734,33,ECE,45017
Person6735,45,IT,44107
Person6736,35,MECH,20775
Person6737,25,ECE,73910
Person6738,34,ECE,66183
Person6739,37,CSE,70757
Person6740,20,ECE,72146
Person6741,55,ECE,22187
Person6742,41,ECE,90212
Person6743,21,MECH,60905
Person6744,54,ECE,75313
Person6745,54,CSE,22895
Person6746,20,IT,80883
Person6747,26,ECE,74189
Person6748,34,ECE,49474
Person6749,40,MECH,94864
Person6750,49,MECH,72054
Person6751,36,MECH,92599
Person6752,44,CSE,85729
Person6753,20,MECH,36456
Person6754,46,CSE,99717
Person6755,56,IT,79411
Person6756,41,ECE,35176
Person6757,38,ECE,83445
Person6758,31,ECE,54320
Person6759,58,ECE,89149
Person6760,21,MECH,33864
Person6761,31,ECE,40767
Person6762,25,CSE,47810
Person6763,54,MECH,56066
Person6764,39,ECE,70504
Person6765,56,CSE,37720
Person6766,46,IT,76446
Person6767,42,ECE,21944
Person6768,40,MECH,46480
Person6769,28,CSE,72721
Person6770,42,ECE,41192
Person6771,47,ECE,54517
Person6772,58,CSE,68484
Person6773,41,IT,39849
Person6774,57,ECE,97147
Person6775,57,MECH,87768
Person6776,40,MECH,97682
Person6777,37,ECE,59654
Person6778,25,MECH,47472
Person6779,30,MECH,99572
Person6780,55,CSE,78279
Person6781,25,MECH,83468
Person6782,35,CSE,34615
Person6783,47,ECE,89536
Person6784,29,ECE,62250
Person6785,58,ECE,81866
Person6786,45,CSE,86001
Person6787,21,MECH,28473
Person6788,29,ECE,27926
Person6789,49,CSE,25202
Person6790,54,CSE,71435
Person6791,57,MECH,93206
Person6792,54,MECH,22409
Person6793,22,MECH,31055
Person6794,49,MECH,58873
Person6795,24,IT,51298
Person6796,23,IT,28240
Person6797,47,IT,68792
Person6798,39,IT,92434
Person6799,45,IT,36951
Person6800,54,ECE,20226
Person6801,22,MECH,38022
Person6802,41,MECH,34768
Person6803,53,CSE,57299
Person6804,37,MECH,28585
Person6805,40,MECH,48871
Person6806,39,MECH,29555
Person6807,56,IT,74126
Person6808,21,MECH,57535
Person6809,55,IT,26006
Person6810,52,IT,23496
Person6811,52,IT,59100
Person6812,36,ECE,67343
Person6813,40,CSE,33940
Person6814,34,ECE,45881
Person6815,30,MECH,68538
Person6816,55,IT,57694
Person6817,40,IT,29297
Person6818,48,MECH,51301
Person6819,24,MECH,35810
Person6820,51,IT,94138
Person6821,46,MECH,84311
Person6822,59,CSE,44962
Person6823,25,MECH,38813
Person6824,41,ECE,30771
Person6825,40,MECH,78965
Person6826,41,MECH,93460
Person6827,22,ECE,41845
Person6828,38,ECE,71181
Person6829,31,CSE,38802
Person6830,44,ECE,93361
Person6831,29,IT,43932
Person6832,37,MECH,27686
Person6833,44,IT,90474
Person6834,22,IT,95641
Person6835,51,IT,51773
Person6836,48,CSE,92583
Person6837,22,ECE,39500
Person6838,22,CSE,41671
Person6839,54,CSE,62931
Person6840,31,CSE,68034
Person6841,54,ECE,50851
Person6842,39,CSE,83968
Person6843,33,IT,83215
Person6844,30,MECH,29676
Person6845,46,MECH,99235
Person6846,24,MECH,32734
Person6847,36,IT,62125
Person6848,33,CSE,53843
Person6849,26,ECE,56139
Person6850,34,ECE,30277
Person6851,41,MECH,47442
Person6852,47,MECH,22427
Person6853,23,IT,97867
Person6854,54,MECH,31508
Person6855,55,CSE,58662
Person6856,47,MECH,37282
Person6857,56,IT,34239
Person6858,37,MECH,51217
Person6859,52,MECH,97537
Person6860,49,CSE,58255
Person6861,42,CSE,96870
Person6862,27,CSE,86163
Person6863,42,CSE,54858
Person6864,56,ECE,92094
Person6865,59,IT,47854
Person6866,37,ECE,60114
Person6867,29,MECH,74434
Person6868,49,IT,67153
Person6869,23,IT,86313
Person6870,26,MECH,33031
Person6871,42,IT,59882
Person6872,59,ECE,73177
Person6873,33,ECE,46465
Person6874,37,ECE,89352
Person6875,32,IT,44111
Person6876,37,ECE,44092
Person6877,20,IT,46127
Person6878,43,CSE,74118
Person6879,43,CSE,29442
Person6880,32,MECH,31429
Person6881,30,IT,82289
Person6882,50,MECH,36585
Person6883,27,ECE,28396
Person6884,21,CSE,41092
Person6885,21,ECE,51865
Person6886,55,ECE,22649
Person6887,34,ECE,86795
Person6888,24,IT,29399
Person6889,55,IT,52328
Person6890,25,IT,36170
Person6891,33,CSE,43580
Person6892,20,CSE,23619
Person6893,47,ECE,95860
Person6894,47,MECH,94989
Person6895,50,MECH,30123
Person6896,30,ECE,35782
Person6897,33,CSE,90788
Person6898,57,ECE,53196
Person6899,52,IT,24966
Person6900,21,IT,30869
Person6901,47,IT,53082
Person6902,52,MECH,64635
Person6903,42,CSE,70537
Person6904,45,IT,32256
Person6905,20,CSE,49603
Person6906,21,ECE,40885
Person6907,21,IT,62768
Person6908,26,MECH,45715
Person6909,59,CSE,36320
Person6910,45,MECH,85216
Person6911,51,CSE,65522
Person6912,31,ECE,57916
Person6913,57,IT,30764
Person6914,27,ECE,25664
Person6915,56,IT,83687
Person6916,21,MECH,97489
Person6917,20,MECH,66703
Person6918,23,MECH,23127
Person6919,51,MECH,58554
Person6920,30,CSE,42415
Person6921,38,IT,24373
Person6922,38,ECE,31395
Person6923,51,MECH,59981
Person6924,33,MECH,54150
Person6925,20,MECH,65085
Person6926,35,ECE,75473
Person6927,31,IT,41253
Person6928,49,CSE,42904
Person6929,50,MECH,74207
Person6930,23,MECH,35771
Person6931,51,MECH,26141
Person6932,22,CSE,88285
Person6933,44,ECE,36695
Person6934,35,CSE,29670
Person6935,32,MECH,79003
Person6936,39,MECH,62546
Person6937,32,MECH,31777
Person6938,51,IT,88043
Person6939,58,ECE,39643
Person6940,52,ECE,74082
Person6941,37,ECE,72068
Person6942,40,CSE,86371
Person6943,37,IT,78307
Person6944,51,IT,76244
Person6945,42,ECE,24119
Person6946,38,IT,95047
Person6947,36,CSE,30127
Person6948,35,CSE,40284
Person6949,42,ECE,55689
Person6950,47,ECE,43072
Person6951,37,CSE,67423
Person6952,52,MECH,24232
Person6953,53,IT,56302
Person6954,37,ECE,47956
Person6955,56,ECE,71765
Person6956,26,CSE,61583
Person6957,57,ECE,80479
Person6958,31,IT,33156
Person6959,42,IT,95963
Person6960,31,CSE,51370
Person6961,37,CSE,47990
Person6962,33,IT,63866
Person6963,48,CSE,33048
Person6964,23,MECH,85164
Person6965,53,IT,41126
Person6966,56,IT,94194
Person6967,42,MECH,31853
Person6968,41,ECE,89135
Person6969,47,IT,51539
Person6970,27,MECH,68588
Person6971,49,IT,89805
Person6972,28,MECH,30331
Person6973,47,IT,47764
Person6974,32,IT,95871
Person6975,49,CSE,31905
Person6976,51,ECE,28230
Person6977,28,IT,61810
Person6978,44,CSE,21977
Person6979,39,MECH,99355
Person6980,31,ECE,92299
Person6981,43,CSE,35054
Person6982,59,MECH,33815
Person6983,20,IT,82229
Person6984,58,IT,61659
Person6985,54,ECE,85868
Person6986,41,CSE,97409
Person6987,44,IT,52107
Person6988,34,IT,40310
Person6989,25,MECH,69564
Person6990,42,MECH,70801
Person6991,52,MECH,54589
Person6992,29,CSE,43923
Person6993,48,CSE,40986
Person6994,49,CSE,61723
Person6995,50,IT,54089
Person6996,33,CSE,56602
Person6997,35,MECH,27623
Person6998,36,ECE,90463
Person6999,54,CSE,76556
Person7000,56,IT,93516
Person7001,36,CSE,86335
Person7002,58,IT,69504
Person7003,42,IT,44591
Person7004,35,IT,72316
Person7005,20,CSE,65318
Person7006,44,IT,93903
Person7007,45,MECH,38571
Person7008,58,ECE,22053
Person7009,48,MECH,30196
Person7010,21,ECE,34013
Person7011,42,ECE,73089
Person7012,49,ECE,31731
Person7013,39,MECH,30728
Person7014,37,MECH,51760
Person7015,52,CSE,82558
Person7016,44,CSE,53956
Person7017,47,IT,41740
Person7018,38,MECH,42753
Person7019,31,IT,85481
Person7020,40,ECE,54662
Person7021,58,ECE,49480
Person7022,44,ECE,81877
Person7023,48,MECH,49507
Person7024,24,IT,48540
Person7025,59,MECH,80045
Person7026,29,ECE,46196
Person7027,58,IT,60821
Person7028,37,MECH,73172
Person7029,56,ECE,36078
Person7030,55,CSE,30267
Person7031,50,MECH,88032
Person7032,56,MECH,43762
Person7033,44,IT,47212
Person7034,53,CSE,67179
Person7035,26,CSE,28222
Person7036,22,IT,23646
Person7037,41,MECH,53280
Person7038,52,CSE,97461
Person7039,50,CSE,65916
Person7040,41,ECE,66277
Person7041,40,MECH,68790
Person7042,44,CSE,88874
Person7043,54,ECE,86848
Person7044,53,MECH,21936
Person7045,24,IT,63312
Person7046,43,ECE,63730
Person7047,35,ECE,37896
Person7048,51,ECE,98003
Person7049,40,CSE,40933
Person7050,59,CSE,86708
Person7051,37,IT,28067
Person7052,47,CSE,68143
Person7053,24,IT,78873
Person7054,57,CSE,60329
Person7055,26,MECH,28475
Person7056,35,IT,29913
Person7057,53,MECH,68465
Person7058,58,MECH,89010
Person7059,39,ECE,67755
Person7060,39,MECH,28066
Person7061,21,MECH,82840
Person7062,59,ECE,56734
Person7063,20,CSE,25970
Person7064,21,IT,49432
Person7065,38,CSE,36232
Person7066,20,IT,98912
Person7067,26,IT,92764
Person7068,45,CSE,28485
Person7069,48,MECH,65778
Person7070,31,MECH,20564
Person7071,51,CSE,56615
Person7072,44,IT,32473
Person7073,29,CSE,79814
Person7074,48,CSE,25765
Person7075,43,IT,92202
Person7076,52,MECH,38491
Person7077,26,CSE,41040
Person7078,29,CSE,90860
Person7079,32,ECE,92118
Person7080,33,CSE,27678
Person7081,55,CSE,28695
Person7082,49,MECH,88274
Person7083,41,CSE,98214
Person7084,41,ECE,59099
Person7085,55,ECE,33188
Person7086,37,IT,32212
Person7087,29,IT,41298
Person7088,25,IT,74830
Person7089,33,ECE,27727
Person7090,46,MECH,71317
Person7091,38,MECH,84294
Person7092,36,IT,31492
Person7093,39,MECH,98738
Person7094,58,IT,98993
Person7095,59,MECH,43758
Person7096,26,IT,28972
Person7097,24,MECH,46048
Person7098,29,MECH,40668
Person7099,54,MECH,42318
Person7100,38,ECE,93993
Person7101,54,MECH,32386
Person7102,45,ECE,45361
Person7103,42,MECH,82995
Person7104,31,ECE,24602
Person7105,33,IT,24857
Person7106,25,MECH,44150
Person7107,40,MECH,97421
Person7108,31,CSE,87155
Person7109,31,IT,94185
Person7110,21,IT,89119
Person7111,51,CSE,29475
Person7112,57,ECE,52079
Person7113,39,MECH,62361
Person7114,41,IT,33327
Person7115,57,MECH,99428
Person7116,40,ECE,68245
Person7117,44,ECE,88209
Person7118,37,IT,40691
Person7119,40,IT,77210
Person7120,40,IT,28473
Person7121,48,ECE,21796
Person7122,44,ECE,71249
Person7123,40,CSE,25470
Person7124,23,IT,42094
Person7125,56,IT,83521
Person7126,55,CSE,59815
Person7127,27,CSE,50115
Person7128,31,MECH,43239
Person7129,58,ECE,73474
Person7130,32,ECE,96354
Person7131,52,ECE,79134
Person7132,51,MECH,48713
Person7133,54,IT,53774
Person7134,20,IT,28245
Person7135,39,ECE,31470
Person7136,42,IT,41454
Person7137,53,MECH,50935
Person7138,28,CSE,99211
Person7139,32,IT,89683
Person7140,27,ECE,29042
Person7141,50,MECH,46486
Person7142,59,MECH,24505
Person7143,25,IT,25011
Person7144,29,IT,49981
Person7145,32,IT,96730
Person7146,55,MECH,34810
Person7147,37,ECE,74454
Person7148,31,ECE,51410
Person7149,32,IT,63268
Person7150,43,CSE,89540
Person7151,35,MECH,86328
Person7152,25,MECH,86256
Person7153,52,CSE,52892
Person7154,36,MECH,23886
Person7155,30,ECE,98809
Person7156,49,ECE,99519
Person7157,49,MECH,88605
Person7158,26,CSE,58179
Person7159,22,CSE,42443
Person7160,21,ECE,33967
Person7161,50,MECH,49683
Person7162,45,CSE,46753
Person7163,51,ECE,42059
Person7164,45,ECE,96020
Person7165,36,MECH,72747
Person7166,43,ECE,37842
Person7167,48,CSE,71146
Person7168,35,MECH,76402
Person7169,56,IT,61800
Person7170,55,MECH,95735
Person7171,52,ECE,97267
Person7172,59,ECE,54572
Person7173,35,CSE,57782
Person7174,24,CSE,37365
Person7175,39,ECE,82697
Person7176,49,MECH,94486
Person7177,51,ECE,72647
Person7178,35,IT,36085
Person7179,31,MECH,61454
Person7180,37,CSE,83565
Person7181,52,MECH,23367
Person7182,22,MECH,67216
Person7183,33,CSE,72599
Person7184,29,ECE,62940
Person7185,52,IT,71407
Person7186,38,ECE,91670
Person7187,23,ECE,29989
Person7188,30,CSE,65656
Person7189,21,CSE,83673
Person7190,39,ECE,85756
Person7191,59,IT,57359
Person7192,42,IT,99791
Person7193,54,MECH,45931
Person7194,49,IT,55253
Person7195,55,MECH,85916
Person7196,32,MECH,55143
Person7197,58,ECE,47469
Person7198,29,CSE,64460
Person7199,37,ECE,69748
Person7200,47,IT,97597
Person7201,31,MECH,69433
Person7202,30,IT,34826
Person7203,25,CSE,24224
Person7204,20,CSE,97388
Person7205,40,ECE,53826
Person7206,59,ECE,36121
Person7207,28,IT,37822
Person7208,37,ECE,28488
Person7209,57,MECH,35965
Person7210,50,MECH,82420
Person7211,20,ECE,72396
Person7212,40,IT,67986
Person7213,25,CSE,20912
Person7214,29,CSE,73788
Person7215,29,MECH,97526
Person7216,44,MECH,93859
Person7217,27,ECE,51631
Person7218,30,IT,68021
Person7219,29,CSE,43904
Person7220,34,ECE,91088
Person7221,46,CSE,93597
Person7222,35,CSE,37853
Person7223,33,MECH,58933
Person7224,40,MECH,38899
Person7225,44,MECH,69146
Person7226,20,IT,43429
Person7227,55,CSE,75668
Person7228,56,MECH,98518
Person7229,44,CSE,89712
Person7230,42,IT,34577
Person7231,47,MECH,30379
Person7232,37,IT,85173
Person7233,34,MECH,26532
Person7234,34,ECE,52017
Person7235,26,MECH,99496
Person7236,53,IT,55849
Person7237,32,CSE,20710
Person7238,31,IT,98025
Person7239,58,MECH,76655
Person7240,40,CSE,46454
Person7241,44,IT,68885
Person7242,29,CSE,68980
Person7243,31,MECH,64204
Person7244,49,CSE,96873
Person7245,38,CSE,82866
Person7246,25,MECH,40721
Person7247,53,MECH,99397
Person7248,36,MECH,97000
Person7249,46,ECE,23750
Person7250,33,IT,43778
Person7251,42,CSE,69162
Person7252,51,IT,90268
Person7253,55,ECE,77342
Person7254,28,MECH,65923
Person7255,46,IT,44475
Person7256,56,ECE,27733
Person7257,45,ECE,91428
Person7258,25,IT,62610
Person7259,27,IT,56559
Person7260,28,CSE,98399
Person7261,24,MECH,33158
Person7262,50,ECE,40317
Person7263,58,MECH,88352
Person7264,40,ECE,42748
Person7265,43,CSE,95434
Person7266,50,IT,88629
Person7267,36,MECH,27961
Person7268,38,ECE,56618
Person7269,43,CSE,80134
Person7270,32,CSE,59167
Person7271,22,ECE,37201
Person7272,42,MECH,23603
Person7273,52,ECE,20537
Person7274,22,MECH,34262
Person7275,28,ECE,40849
Person7276,30,CSE,44148
Person7277,52,MECH,88392
Person7278,40,CSE,60689
Person7279,41,CSE,31294
Person7280,45,CSE,26659
Person7281,31,ECE,30453
Person7282,48,MECH,45079
Person7283,21,IT,79123
Person7284,24,CSE,23960
Person7285,52,CSE,52508
Person7286,46,CSE,55807
Person7287,27,ECE,31878
Person7288,37,CSE,24689
Person7289,22,ECE,38400
Person7290,46,IT,32145
Person7291,50,ECE,83568
Person7292,31,MECH,93334
Person7293,34,MECH,69861
Person7294,29,CSE,80682
Person7295,35,CSE,80874
Person7296,30,ECE,90209
Person7297,29,ECE,27821
Person7298,37,CSE,99763
Person7299,54,MECH,56648
Person7300,50,ECE,63439
Person7301,31,ECE,83768
Person7302,57,MECH,59502
Person7303,28,IT,41263
Person7304,56,IT,21521
Person7305,32,IT,33535
Person7306,41,ECE,26750
Person7307,28,CSE,50542
Person7308,50,CSE,82311
Person7309,32,ECE,46670
Person7310,54,ECE,67784
Person7311,23,CSE,34837
Person7312,40,CSE,67223
Person7313,26,CSE,96315
Person7314,55,MECH,45231
Person7315,36,ECE,58647
Person7316,46,CSE,97038
Person7317,55,MECH,68646
Person7318,41,IT,51933
Person7319,22,ECE,29688
Person7320,28,ECE,94986
Person7321,28,ECE,68802
Person7322,56,ECE,24559
Person7323,56,ECE,64425
Person7324,39,IT,97475
Person7325,55,IT,94554
Person7326,29,ECE,35661
Person7327,47,IT,52985
Person7328,35,IT,98913
Person7329,29,CSE,82564
Person7330,30,ECE,64807
Person7331,36,MECH,44334
Person7332,33,ECE,81026
Person7333,28,ECE,66315
Person7334,33,ECE,61916
Person7335,25,MECH,94157
Person7336,58,ECE,50185
Person7337,35,MECH,70005
Person7338,24,CSE,23484
Person7339,43,IT,76892
Person7340,55,CSE,63777
Person7341,34,CSE,90078
Person7342,53,CSE,46633
Person7343,44,ECE,94033
Person7344,49,MECH,66052
Person7345,31,IT,36661
Person7346,21,ECE,32829
Person7347,33,CSE,35667
Person7348,56,ECE,44158
Person7349,51,CSE,64038
Person7350,51,ECE,89460
Person7351,55,MECH,99641
Person7352,34,CSE,74257
Person7353,32,IT,59212
Person7354,57,CSE,69064
Person7355,42,MECH,46472
Person7356,31,IT,39590
Person7357,31,IT,62980
Person7358,55,MECH,86203
Person7359,22,MECH,25151
Person7360,22,CSE,28869
Person7361,49,CSE,34176
Person7362,20,ECE,36794
Person7363,26,MECH,31913
Person7364,59,MECH,30414
Person7365,37,IT,22233
Person7366,49,ECE,47866
Person7367,39,IT,77776
Person7368,23,ECE,32558
Person7369,27,CSE,46037
Person7370,50,MECH,97860
Person7371,23,CSE,33482
Person7372,43,ECE,98982
Person7373,33,IT,60979
Person7374,34,IT,77933
Person7375,58,ECE,45875
Person7376,44,CSE,45965
Person7377,44,CSE,51441
Person7378,34,CSE,30234
Person7379,35,IT,45242
Person7380,47,IT,91546
Person7381,21,MECH,20318
Person7382,29,MECH,65768
Person7383,44,ECE,75066
Person7384,44,CSE,31309
Person7385,23,CSE,28855
Person7386,51,MECH,64200
Person7387,41,CSE,37531
Person7388,29,CSE,98245
Person7389,50,IT,35225
Person7390,59,MECH,30473
Person7391,36,ECE,46509
Person7392,31,CSE,46555
Person7393,31,CSE,32815
Person7394,43,ECE,73199
Person7395,21,ECE,47756
Person7396,39,MECH,62164
Person7397,20,CSE,39461
Person7398,21,CSE,27715
Person7399,37,CSE,24897
Person7400,49,ECE,24224
Person7401,55,ECE,89645
Person7402,23,CSE,41155
Person7403,29,MECH,44446
Person7404,36,ECE,66339
Person7405,42,CSE,27622
Person7406,59,MECH,68053
Person7407,47,ECE,61722
Person7408,41,ECE,83316
Person7409,22,ECE,29862
Person7410,23,CSE,21367
Person7411,26,ECE,81847
Person7412,46,MECH,49604
Person7413,33,CSE,24926
Person7414,29,MECH,64509
Person7415,46,CSE,57170
Person7416,52,MECH,96077
Person7417,37,CSE,95506
Person7418,55,CSE,63116
Person7419,49,ECE,32717
Person7420,48,MECH,79832
Person7421,54,MECH,36109
Person7422,27,ECE,87039
Person7423,50,CSE,68037
Person7424,58,ECE,48354
Person7425,59,IT,98388
Person7426,43,CSE,61145
Person7427,50,MECH,50866
Person7428,55,ECE,35119
Person7429,54,CSE,71891
Person7430,55,MECH,41591
Person7431,53,CSE,32185
Person7432,35,ECE,29466
Person7433,49,CSE,71311
Person7434,36,MECH,93687
Person7435,52,CSE,40212
Person7436,52,CSE,37387
Person7437,57,MECH,69063
Person7438,43,IT,31436
Person7439,39,CSE,27092
Person7440,26,ECE,71000
Person7441,45,IT,61997
Person7442,42,ECE,22289
Person7443,40,ECE,38992
Person7444,47,IT,35871
Person7445,54,MECH,74536
Person7446,25,ECE,73255
Person7447,37,IT,79813
Person7448,48,MECH,27943
Person7449,52,MECH,87851
Person7450,51,ECE,36744
Person7451,51,IT,99391
Person7452,54,IT,89753
Person7453,58,IT,56748
Person7454,44,MECH,82851
Person7455,29,ECE,73647
Person7456,42,CSE,81891
Person7457,48,CSE,21473
Person7458,24,IT,26707
Person7459,50,ECE,92406
Person7460,41,CSE,82513
Person7461,57,CSE,69259
Person7462,28,CSE,44988
Person7463,56,MECH,53707
Person7464,37,MECH,51444
Person7465,42,ECE,54745
Person7466,46,MECH,70262
Person7467,43,ECE,80639
Person7468,56,IT,50693
Person7469,26,IT,86677
Person7470,49,CSE,27236
Person7471,58,ECE,84632
Person7472,28,IT,74117
Person7473,30,MECH,60846
Person7474,39,IT,50004
Person7475,48,ECE,49691
Person7476,58,CSE,48835
Person7477,51,IT,95643
Person7478,51,IT,22143
Person7479,37,MECH,70735
Person7480,45,ECE,99124
Person7481,28,CSE,63492
Person7482,38,MECH,71133
Person7483,27,MECH,67865
Person7484,21,MECH,60464
Person7485,54,CSE,70389
Person7486,52,MECH,92284
Person7487,40,MECH,77045
Person7488,20,IT,87963
Person7489,23,MECH,64254
Person7490,24,MECH,81868
Person7491,48,ECE,90028
Person7492,28,MECH,36955
Person7493,30,MECH,88777
Person7494,54,IT,74932
Person7495,55,IT,55380
Person7496,50,CSE,81933
Person7497,32,IT,33482
Person7498,43,IT,75873
Person7499,28,MECH,66132
Person7500,54,MECH,91047
Person7501,23,MECH,69659
Person7502,49,ECE,62056
Person7503,40,ECE,61870
Person7504,50,IT,64390
Person7505,38,IT,91246
Person7506,26,CSE,82813
Person7507,50,IT,27441
Person7508,45,ECE,62592
Person7509,38,CSE,42993
Person7510,34,IT,33161
Person7511,33,CSE,89263
Person7512,39,CSE,88590
Person7513,30,ECE,95153
Person7514,31,ECE,51511
Person7515,31,CSE,54074
Person7516,20,CSE,82243
Person7517,57,ECE,35411
Person7518,29,CSE,24345
Person7519,26,CSE,53626
Person7520,26,IT,70338
Person7521,59,MECH,56493
Person7522,39,CSE,36896
Person7523,33,CSE,61565
Person7524,36,IT,95411
Person7525,23,ECE,41948
Person7526,32,CSE,52002
Person7527,29,MECH,45010
Person7528,52,IT,43485
Person7529,22,ECE,72447
Person7530,37,MECH,49972
Person7531,51,ECE,69743
Person7532,53,CSE,21576
Person7533,40,IT,72968
Person7534,28,IT,28441
Person7535,33,IT,50182
Person7536,28,CSE,89807
Person7537,46,MECH,46916
Person7538,31,MECH,75840
Person7539,45,CSE,48123
Person7540,46,IT,92187
Person7541,57,CSE,96094
Person7542,34,ECE,92721
Person7543,58,IT,51619
Person7544,36,MECH,45400
Person7545,47,MECH,68490
Person7546,46,ECE,85335
Person7547,52,IT,61827
Person7548,38,CSE,79045
Person7549,51,MECH,90097
Person7550,34,CSE,80160
Person7551,39,CSE,49529
Person7552,39,MECH,39987
Person7553,48,ECE,54731
Person7554,44,CSE,66013
Person7555,23,IT,87423
Person7556,52,ECE,44050
Person7557,50,IT,32876
Person7558,24,CSE,45241
Person7559,58,CSE,67543
Person7560,46,ECE,38569
Person7561,23,MECH,51992
Person7562,39,ECE,40536
Person7563,53,CSE,98863
Person7564,31,MECH,61000
Person7565,57,IT,77710
Person7566,36,CSE,61624
Person7567,29,ECE,20844
Person7568,34,ECE,41111
Person7569,40,MECH,87157
Person7570,47,CSE,60900
Person7571,57,CSE,76254
Person7572,27,CSE,80933
Person7573,58,MECH,64876
Person7574,41,CSE,66197
Person7575,25,MECH,38890
Person7576,57,ECE,39943
Person7577,33,ECE,31945
Person7578,44,IT,43808
Person7579,47,IT,70271
Person7580,20,IT,94274
Person7581,28,IT,55195
Person7582,47,CSE,68160
Person7583,32,IT,88929
Person7584,20,CSE,74188
Person7585,20,ECE,40989
Person7586,53,MECH,42494
Person7587,26,MECH,71001
Person7588,24,MECH,43024
Person7589,42,MECH,39907
Person7590,24,ECE,67353
Person7591,46,MECH,70905
Person7592,41,ECE,40264
Person7593,45,ECE,23867
Person7594,39,MECH,81447
Person7595,51,MECH,51336
Person7596,45,ECE,70641
Person7597,36,CSE,33814
Person7598,20,ECE,45152
Person7599,30,ECE,68474
Person7600,25,CSE,29928
Person7601,20,CSE,45338
Person7602,30,IT,77512
Person7603,28,ECE,81722
Person7604,23,MECH,48237
Person7605,32,CSE,29167
Person7606,40,IT,22080
Person7607,27,CSE,64497
Person7608,30,ECE,75486
Person7609,20,IT,67494
Person7610,22,CSE,52416
Person7611,26,MECH,21768
Person7612,38,IT,38096
Person7613,46,CSE,22878
Person7614,51,CSE,56979
Person7615,45,IT,44659
Person7616,44,ECE,25679
Person7617,57,IT,68726
Person7618,30,IT,49625
Person7619,51,IT,97010
Person7620,57,IT,53391
Person7621,42,IT,27262
Person7622,53,ECE,76406
Person7623,25,IT,76253
Person7624,55,ECE,94341
Person7625,42,MECH,75417
Person7626,28,CSE,48941
Person7627,22,IT,73557
Person7628,48,MECH,83851
Person7629,37,IT,61291
Person7630,32,ECE,83574
Person7631,35,ECE,97346
Person7632,59,MECH,80380
Person7633,37,IT,60142
Person7634,23,MECH,59433
Person7635,31,IT,87063
Person7636,25,CSE,89830
Person7637,47,IT,41001
Person7638,52,MECH,20782
Person7639,53,IT,84504
Person7640,45,CSE,38882
Person7641,50,ECE,99723
Person7642,36,CSE,22892
Person7643,45,ECE,92806
Person7644,24,IT,74249
Person7645,41,MECH,44325
Person7646,42,IT,22782
Person7647,21,MECH,87692
Person7648,41,IT,29552
Person7649,48,IT,27620
Person7650,34,MECH,83202
Person7651,41,IT,74216
Person7652,31,CSE,30193
Person7653,30,MECH,47371
Person7654,25,MECH,73318
Person7655,33,IT,72693
Person7656,52,MECH,48980
Person7657,57,CSE,52979
Person7658,45,MECH,26370
Person7659,44,IT,20722
Person7660,44,CSE,97402
Person7661,39,CSE,38502
Person7662,36,MECH,94168
Person7663,44,MECH,23390
Person7664,51,MECH,99184
Person7665,36,CSE,54181
Person7666,42,MECH,84494
Person7667,38,MECH,87205
Person7668,31,IT,48156
Person7669,31,ECE,79039
Person7670,23,ECE,46729
Person7671,37,CSE,83112
Person7672,48,MECH,96719
Person7673,47,MECH,84575
Person7674,59,ECE,78231
Person7675,21,MECH,49755
Person7676,50,IT,28695
Person7677,51,CSE,60482
Person7678,37,MECH,30378
Person7679,31,MECH,60676
Person7680,34,CSE,89527
Person7681,47,CSE,29056
Person7682,54,ECE,92078
Person7683,45,CSE,67851
Person7684,40,ECE,23755
Person7685,46,CSE,77614
Person7686,22,IT,20003
Person7687,44,MECH,68877
Person7688,21,ECE,60597
Person7689,58,IT,79677
Person7690,55,CSE,50098
Person7691,40,MECH,29511
Person7692,34,MECH,50968
Person7693,49,IT,80912
Person7694,45,CSE,96293
Person7695,48,MECH,36651
Person7696,40,IT,48110
Person7697,29,IT,90146
Person7698,22,CSE,45042
Person7699,31,IT,39594
Person7700,41,ECE,86521
Person7701,36,ECE,59359
Person7702,40,CSE,66662
Person7703,31,CSE,58981
Person7704,57,ECE,68225
Person7705,34,CSE,41508
Person7706,53,MECH,78552
Person7707,35,MECH,48936
Person7708,37,ECE,61886
Person7709,44,MECH,34847
Person7710,30,MECH,20900
Person7711,28,CSE,65608
Person7712,35,ECE,31100
Person7713,52,IT,93042
Person7714,25,CSE,96739
Person7715,37,IT,45328
Person7716,46,IT,43105
Person7717,48,ECE,60645
Person7718,37,ECE,36329
Person7719,23,CSE,88950
Person7720,20,MECH,28157
Person7721,38,CSE,56199
Person7722,52,IT,35118
Person7723,21,ECE,86500
Person7724,55,IT,31542
Person7725,47,IT,55711
Person7726,20,ECE,86685
Person7727,33,MECH,55219
Person7728,28,CSE,34764
Person7729,57,CSE,32579
Person7730,42,MECH,68386
Person7731,32,ECE,29998
Person7732,31,ECE,48423
Person7733,42,CSE,68919
Person7734,20,IT,50361
Person7735,30,ECE,86186
Person7736,26,ECE,75026
Person7737,44,ECE,30832
Person7738,46,ECE,85367
Person7739,38,MECH,92807
Person7740,25,IT,36182
Person7741,34,MECH,48710
Person7742,53,CSE,51619
Person7743,28,IT,54020
Person7744,26,ECE,57104
Person7745,24,CSE,91556
Person7746,52,CSE,72106
Person7747,24,IT,91703
Person7748,43,ECE,48039
Person7749,59,CSE,61988
Person7750,45,IT,28508
Person7751,36,ECE,42141
Person7752,28,IT,66716
Person7753,20,IT,33755
Person7754,26,CSE,96826
Person7755,58,MECH,41726
Person7756,25,MECH,32919
Person7757,20,CSE,82450
Person7758,52,ECE,27202
Person7759,36,ECE,45967
Person7760,34,CSE,35900
Person7761,48,MECH,75564
Person7762,40,ECE,87454
Person7763,56,IT,35616
Person7764,38,IT,53281
Person7765,48,MECH,58280
Person7766,55,CSE,75276
Person7767,38,CSE,48168
Person7768,31,CSE,61837
Person7769,58,ECE,60288
Person7770,29,IT,20909
Person7771,21,CSE,65595
Person7772,43,MECH,65428
Person7773,59,CSE,99274
Person7774,23,ECE,60800
Person7775,53,MECH,91991
Person7776,53,IT,47929
Person7777,57,IT,75669
Person7778,36,MECH,92135
Person7779,30,CSE,32299
Person7780,40,ECE,65362
Person7781,25,IT,93522
Person7782,53,CSE,64480
Person7783,46,MECH,91406
Person7784,39,MECH,53590
Person7785,40,IT,90936
Person7786,48,CSE,70307
Person7787,40,CSE,58321
Person7788,53,CSE,37196
Person7789,56,ECE,33656
Person7790,57,MECH,43102
Person7791,44,CSE,80352
Person7792,49,MECH,57442
Person7793,32,CSE,51081
Person7794,21,MECH,57344
Person7795,36,ECE,47565
Person7796,54,IT,84572
Person7797,25,ECE,51262
Person7798,41,IT,57772
Person7799,27,CSE,64725
Person7800,37,CSE,71705
Person7801,25,CSE,46681
Person7802,49,ECE,25860
Person7803,52,IT,75193
Person7804,50,CSE,64801
Person7805,48,IT,71817
Person7806,29,MECH,63489
Person7807,41,ECE,60709
Person7808,24,ECE,95890
Person7809,34,IT,24317
Person7810,40,MECH,27384
Person7811,46,CSE,94923
Person7812,23,IT,90946
Person7813,52,ECE,52935
Person7814,38,CSE,63249
Person7815,55,IT,55956
Person7816,41,IT,99769
Person7817,41,ECE,56482
Person7818,47,MECH,80790
Person7819,52,CSE,49202
Person7820,26,IT,50505
Person7821,40,ECE,73967
Person7822,21,ECE,51928
Person7823,38,MECH,21113
Person7824,52,ECE,33837
Person7825,54,MECH,89880
Person7826,31,MECH,49350
Person7827,35,ECE,28195
Person7828,42,IT,95132
Person7829,35,ECE,99977
Person7830,27,IT,59976
Person7831,32,ECE,70246
Person7832,36,MECH,80394
Person7833,40,MECH,25299
Person7834,56,IT,43735
Person7835,41,CSE,64994
Person7836,35,CSE,63981
Person7837,46,IT,46504
Person7838,50,IT,20128
Person7839,37,MECH,96243
Person7840,39,ECE,69156
Person7841,28,ECE,80437
Person7842,54,MECH,54984
Person7843,54,MECH,60561
Person7844,26,ECE,55562
Person7845,33,CSE,54382
Person7846,30,CSE,73653
Person7847,56,ECE,99669
Person7848,22,MECH,82188
Person7849,28,ECE,73390
Person7850,32,MECH,20966
Person7851,42,ECE,61114
Person7852,29,ECE,96460
Person7853,41,MECH,51835
Person7854,49,MECH,63955
Person7855,53,IT,45966
Person7856,23,IT,35292
Person7857,25,ECE,76433
Person7858,23,MECH,45080
Person7859,56,ECE,67030
Person7860,46,IT,67482
Person7861,41,MECH,87854
Person7862,51,IT,95047
Person7863,43,ECE,64284
Person7864,29,CSE,24027
Person7865,40,CSE,66586
Person7866,48,MECH,90772
Person7867,21,IT,58188
Person7868,44,MECH,65176
Person7869,39,IT,81009
Person7870,22,ECE,55120
Person7871,30,IT,53199
Person7872,37,IT,58572
Person7873,33,CSE,88155
Person7874,31,IT,59039
Person7875,45,CSE,46163
Person7876,36,MECH,67738
Person7877,39,ECE,75410
Person7878,51,ECE,93017
Person7879,23,IT,91437
Person7880,34,MECH,82656
Person7881,22,CSE,81525
Person7882,57,CSE,55945
Person7883,27,CSE,47408
Person7884,52,ECE,65025
Person7885,27,CSE,76507
Person7886,32,ECE,61476
Person7887,44,IT,36558
Person7888,53,IT,21181
Person7889,27,IT,24653
Person7890,28,ECE,54097
Person7891,55,MECH,83310
Person7892,32,IT,83191
Person7893,28,CSE,84640
Person7894,49,IT,76725
Person7895,23,MECH,21834
Person7896,54,ECE,90672
Person7897,55,ECE,95823
Person7898,54,ECE,87981
Person7899,31,CSE,55671
Person7900,24,CSE,37174
Person7901,37,ECE,92421
Person7902,33,CSE,34815
Person7903,58,MECH,83053
Person7904,45,ECE,97235
Person7905,57,ECE,92052
Person7906,50,CSE,61688
Person7907,48,IT,86670
Person7908,24,MECH,86467
Person7909,22,ECE,97919
Person7910,21,MECH,48828
Person7911,43,ECE,70328
Person7912,28,CSE,85373
Person7913,59,MECH,38180
Person7914,25,IT,38044
Person7915,57,MECH,51165
Person7916,46,MECH,48800
Person7917,24,CSE,80150
Person7918,22,MECH,94868
Person7919,35,MECH,32557
Person7920,33,ECE,46010
Person7921,32,CSE,94387
Person7922,41,IT,67573
Person7923,25,ECE,36422
Person7924,25,ECE,68287
Person7925,47,MECH,90077
Person7926,59,ECE,49907
Person7927,30,MECH,58697
Person7928,57,MECH,69086
Person7929,33,ECE,87249
Person7930,33,CSE,65165
Person7931,23,CSE,96663
Person7932,36,IT,80397
Person7933,39,MECH,53771
Person7934,46,ECE,58999
Person7935,26,ECE,75728
Person7936,27,MECH,25653
Person7937,37,IT,38137
Person7938,22,IT,39059
Person7939,25,MECH,84062
Person7940,45,ECE,85800
Person7941,58,IT,85594
Person7942,42,IT,28428
Person7943,25,ECE,43619
Person7944,59,IT,44969
Person7945,40,IT,21931
Person7946,48,IT,40623
Person7947,27,CSE,54496
Person7948,43,CSE,90857
Person7949,23,ECE,33600
Person7950,45,IT,88822
Person7951,28,CSE,85484
Person7952,56,CSE,32664
Person7953,22,CSE,40887
Person7954,46,CSE,56659
Person7955,25,IT,95495
Person7956,47,MECH,82798
Person7957,39,MECH,97744
Person7958,58,ECE,45005
Person7959,46,MECH,92706
Person7960,34,IT,96491
Person7961,23,MECH,67969
Person7962,43,IT,32325
Person7963,37,MECH,41394
Person7964,22,ECE,30295
Person7965,43,MECH,84580
Person7966,28,IT,45045
Person7967,29,IT,76127
Person7968,20,ECE,41380
Person7969,34,MECH,98173
Person7970,28,IT,81887
Person7971,22,MECH,50180
Person7972,37,MECH,58137
Person7973,28,ECE,24701
Person7974,25,IT,30942
Person7975,38,IT,99870
Person7976,22,CSE,85272
Person7977,59,CSE,87061
Person7978,38,CSE,71480
Person7979,59,ECE,37719
Person7980,55,CSE,28422
Person7981,59,IT,78050
Person7982,41,IT,46538
Person7983,36,CSE,20055
Person7984,48,IT,21803
Person7985,23,CSE,64624
Person7986,53,IT,87212
Person7987,32,ECE,49027
Person7988,20,CSE,99986
Person7989,29,ECE,50506
Person7990,29,IT,78665
Person7991,20,IT,39561
Person7992,46,CSE,68582
Person7993,23,IT,41987
Person7994,53,ECE,82254
Person7995,38,ECE,56373
Person7996,48,CSE,23344
Person7997,33,IT,39851
Person7998,25,IT,48177
Person7999,27,MECH,57315
Person8000,45,MECH,41620
Person8001,48,IT,66187
Person8002,30,CSE,97084
Person8003,34,CSE,76888
Person8004,57,CSE,44907
Person8005,54,ECE,74171
Person8006,36,ECE,97339
Person8007,29,CSE,39359
Person8008,32,MECH,38590
Person8009,41,CSE,23135
Person8010,42,IT,87379
Person8011,27,MECH,86614
Person8012,22,IT,53096
Person8013,39,CSE,89785
Person8014,51,IT,72123
Person8015,26,MECH,98311
Person8016,36,IT,93812
Person8017,26,MECH,96776
Person8018,29,MECH,51395
Person8019,44,CSE,70705
Person8020,31,MECH,33381
Person8021,30,ECE,91541
Person8022,59,IT,45441
Person8023,26,MECH,55840
Person8024,27,CSE,67543
Person8025,57,IT,82986
Person8026,42,CSE,78538
Person8027,21,ECE,96426
Person8028,36,CSE,77038
Person8029,42,IT,83702
Person8030,30,CSE,65796
Person8031,41,IT,53261
Person8032,45,CSE,93067
Person8033,30,MECH,50220
Person8034,52,CSE,69625
Person8035,38,ECE,43323
Person8036,58,MECH,58591
Person8037,23,MECH,49365
Person8038,32,IT,40669
Person8039,48,IT,85646
Person8040,55,MECH,81382
Person8041,28,ECE,76120
Person8042,59,ECE,26641
Person8043,27,IT,39990
Person8044,36,MECH,37445
Person8045,32,IT,76922
Person8046,36,ECE,91395
Person8047,56,ECE,50351
Person8048,49,IT,46425
Person8049,51,MECH,64621
Person8050,30,CSE,99011
Person8051,57,MECH,49629
Person8052,37,CSE,42266
Person8053,46,IT,61730
Person8054,47,CSE,93271
Person8055,46,IT,78384
Person8056,44,IT,61459
Person8057,39,CSE,78490
Person8058,45,MECH,21210
Person8059,56,CSE,80254
Person8060,35,ECE,27809
Person8061,40,ECE,51283
Person8062,27,MECH,47991
Person8063,34,IT,75239
Person8064,50,ECE,39202
Person8065,45,ECE,39096
Person8066,28,CSE,90740
Person8067,41,IT,58194
Person8068,52,ECE,79317
Person8069,24,ECE,66648
Person8070,22,CSE,69591
Person8071,35,ECE,74918
Person8072,46,MECH,73407
Person8073,32,IT,92959
Person8074,52,ECE,82793
Person8075,53,MECH,44381
Person8076,41,IT,33563
Person8077,35,ECE,87622
Person8078,21,ECE,49803
Person8079,52,CSE,44889
Person8080,55,IT,28887
Person8081,37,CSE,64152
Person8082,40,CSE,60968
Person8083,50,CSE,86247
Person8084,47,MECH,79890
Person8085,25,ECE,77851
Person8086,46,MECH,63078
Person8087,56,MECH,89029
Person8088,50,CSE,98664
Person8089,39,ECE,85190
Person8090,40,CSE,47838
Person8091,30,CSE,42107
Person8092,46,ECE,20105
Person8093,29,ECE,99434
Person8094,33,CSE,78612
Person8095,30,ECE,94959
Person8096,33,ECE,83011
Person8097,34,IT,54413
Person8098,23,MECH,31602
Person8099,48,ECE,23776
Person8100,37,ECE,83369
Person8101,57,CSE,44279
Person8102,27,ECE,50343
Person8103,46,MECH,86892
Person8104,27,CSE,58503
Person8105,41,IT,96069
Person8106,39,MECH,63728
Person8107,37,IT,86533
Person8108,46,ECE,30074
Person8109,53,IT,51739
Person8110,32,ECE,34648
Person8111,53,IT,24522
Person8112,27,MECH,99331
Person8113,31,MECH,61406
Person8114,32,CSE,48295
Person8115,58,IT,50110
Person8116,24,CSE,39273
Person8117,35,CSE,29837
Person8118,36,ECE,93069
Person8119,52,IT,28468
Person8120,39,IT,50775
Person8121,58,IT,32242
Person8122,49,MECH,94369
Person8123,48,IT,36465
Person8124,50,ECE,51517
Person8125,26,ECE,80302
Person8126,37,CSE,65619
Person8127,43,IT,50536
Person8128,28,ECE,65094
Person8129,24,CSE,54955
Person8130,25,ECE,43144
Person8131,51,MECH,67870
Person8132,46,ECE,49221
Person8133,31,ECE,96810
Person8134,49,ECE,57054
Person8135,47,MECH,80517
Person8136,52,MECH,38754
Person8137,56,MECH,71657
Person8138,55,CSE,64758
Person8139,27,ECE,79506
Person8140,50,MECH,56937
Person8141,35,CSE,77543
Person8142,36,CSE,24686
Person8143,45,ECE,75219
Person8144,44,MECH,80275
Person8145,36,MECH,59712
Person8146,59,CSE,22743
Person8147,26,MECH,65347
Person8148,23,CSE,82504
Person8149,21,MECH,56919
Person8150,52,MECH,27533
Person8151,36,CSE,51596
Person8152,37,ECE,99527
Person8153,45,IT,41661
Person8154,37,ECE,62354
Person8155,42,MECH,48417
Person8156,22,MECH,76988
Person8157,26,CSE,54282
Person8158,57,IT,50744
Person8159,38,ECE,66350
Person8160,26,IT,65741
Person8161,34,ECE,59990
Person8162,33,MECH,40658
Person8163,30,ECE,28635
Person8164,31,IT,75240
Person8165,49,CSE,47197
Person8166,24,IT,69024
Person8167,32,CSE,50095
Person8168,38,IT,88317
Person8169,41,CSE,76554
Person8170,55,CSE,52316
Person8171,56,CSE,46631
Person8172,31,MECH,79922
Person8173,41,ECE,20636
Person8174,20,MECH,24607
Person8175,44,IT,26746
Person8176,26,CSE,47670
Person8177,22,MECH,59759
Person8178,46,MECH,43428
Person8179,27,ECE,35079
Person8180,39,IT,45037
Person8181,24,MECH,59569
Person8182,49,CSE,43792
Person8183,50,MECH,65936
Person8184,42,ECE,50577
Person8185,53,CSE,94675
Person8186,37,IT,99386
Person8187,27,CSE,72446
Person8188,26,CSE,64384
Person8189,28,CSE,22483
Person8190,28,IT,69802
Person8191,32,MECH,50458
Person8192,28,IT,43194
Person8193,43,ECE,83476
Person8194,25,CSE,23374
Person8195,44,ECE,40844
Person8196,33,CSE,81936
Person8197,47,MECH,93997
Person8198,40,ECE,61168
Person8199,56,IT,62320
Person8200,37,ECE,97364
Person8201,31,ECE,27395
Person8202,43,IT,58476
Person8203,46,MECH,39333
Person8204,37,CSE,58143
Person8205,42,ECE,92503
Person8206,38,ECE,67688
Person8207,32,MECH,99316
Person8208,32,MECH,60402
Person8209,56,MECH,89041
Person8210,47,IT,33576
Person8211,23,MECH,45654
Person8212,58,ECE,41911
Person8213,48,CSE,81505
Person8214,22,MECH,61044
Person8215,49,ECE,37778
Person8216,43,ECE,33825
Person8217,56,IT,50761
Person8218,39,IT,32281
Person8219,40,ECE,75773
Person8220,32,MECH,87863
Person8221,32,IT,97512
Person8222,44,CSE,38855
Person8223,53,ECE,55135
Person8224,55,MECH,60309
Person8225,50,ECE,59666
Person8226,44,IT,56256
Person8227,40,ECE,37613
Person8228,33,CSE,28955
Person8229,50,ECE,52257
Person8230,32,ECE,27379
Person8231,30,IT,25041
Person8232,54,CSE,61931
Person8233,43,CSE,88686
Person8234,34,CSE,63246
Person8235,54,MECH,21866
Person8236,58,IT,87234
Person8237,32,MECH,74681
Person8238,40,IT,44249
Person8239,39,IT,41857
Person8240,48,MECH,91965
Person8241,58,MECH,58088
Person8242,41,CSE,31298
Person8243,51,IT,42524
Person8244,43,IT,41154
Person8245,55,IT,52005
Person8246,36,IT,47664
Person8247,35,ECE,63742
Person8248,36,CSE,45851
Person8249,59,IT,71271
Person8250,44,ECE,59414
Person8251,26,IT,95222
Person8252,21,MECH,86249
Person8253,40,ECE,46576
Person8254,52,ECE,23372
Person8255,39,MECH,66788
Person8256,42,ECE,47064
Person8257,51,ECE,92137
Person8258,40,CSE,52453
Person8259,56,MECH,43218
Person8260,45,CSE,47148
Person8261,49,CSE,89203
Person8262,51,CSE,29002
Person8263,45,MECH,96604
Person8264,22,CSE,38675
Person8265,37,ECE,87799
Person8266,25,CSE,63545
Person8267,40,MECH,65588
Person8268,25,CSE,36366
Person8269,40,CSE,77769
Person8270,33,ECE,71885
Person8271,20,MECH,58485
Person8272,24,CSE,56622
Person8273,40,ECE,67780
Person8274,23,IT,57743
Person8275,54,MECH,97957
Person8276,50,IT,23311
Person8277,48,ECE,40089
Person8278,26,IT,88077
Person8279,51,CSE,83403
Person8280,45,MECH,47836
Person8281,35,ECE,60498
Person8282,20,CSE,22161
Person8283,41,IT,34149
Person8284,51,MECH,95559
Person8285,21,CSE,71482
Person8286,22,CSE,23088
Person8287,35,MECH,83394
Person8288,40,MECH,52284
Person8289,38,CSE,65500
Person8290,37,IT,88548
Person8291,30,MECH,86994
Person8292,22,ECE,30916
Person8293,21,CSE,49269
Person8294,23,ECE,41809
Person8295,47,ECE,93101
Person8296,51,CSE,82458
Person8297,37,ECE,71865
Person8298,23,CSE,24680
Person8299,36,CSE,84252
Person8300,59,CSE,64872
Person8301,29,ECE,41838
Person8302,39,ECE,55417
Person8303,41,ECE,55690
Person8304,33,MECH,43687
Person8305,37,MECH,92769
Person8306,38,CSE,93399
Person8307,38,IT,24071
Person8308,48,MECH,94872
Person8309,43,ECE,52318
Person8310,22,CSE,83986
Person8311,20,IT,82425
Person8312,36,MECH,67911
Person8313,56,ECE,79505
Person8314,21,CSE,74509
Person8315,22,CSE,88129
Person8316,47,ECE,53895
Person8317,38,CSE,79151
Person8318,29,CSE,98338
Person8319,28,ECE,95767
Person8320,46,CSE,31835
Person8321,40,ECE,59860
Person8322,45,IT,60804
Person8323,31,IT,69943
Person8324,41,CSE,71763
Person8325,54,MECH,87816
Person8326,32,IT,62574
Person8327,35,MECH,76135
Person8328,26,ECE,91958
Person8329,45,ECE,28164
Person8330,21,CSE,71411
Person8331,29,ECE,49359
Person8332,48,IT,92473
Person8333,20,MECH,64207
Person8334,59,ECE,68230
Person8335,36,CSE,80377
Person8336,35,IT,39360
Person8337,41,CSE,63485
Person8338,45,MECH,81839
Person8339,38,ECE,82203
Person8340,55,ECE,38229
Person8341,58,CSE,87008
Person8342,28,ECE,33028
Person8343,48,MECH,41210
Person8344,32,ECE,88529
Person8345,59,CSE,69287
Person8346,30,ECE,63374
Person8347,31,CSE,64568
Person8348,48,ECE,97538
Person8349,51,IT,38185
Person8350,25,IT,43932
Person8351,42,IT,59190
Person8352,33,CSE,87637
Person8353,44,ECE,63885
Person8354,42,CSE,78072
Person8355,59,ECE,85387
Person8356,57,MECH,91366
Person8357,46,IT,56879
Person8358,47,ECE,56632
Person8359,55,CSE,26473
Person8360,27,ECE,26424
Person8361,49,ECE,58983
Person8362,50,MECH,79927
Person8363,25,CSE,87036
Person8364,55,MECH,52679
Person8365,47,ECE,65700
Person8366,33,MECH,85009
Person8367,39,IT,45509
Person8368,39,CSE,32680
Person8369,56,IT,93677
Person8370,58,CSE,63684
Person8371,52,IT,32452
Person8372,46,ECE,40158
Person8373,24,MECH,46150
Person8374,56,IT,36089
Person8375,25,MECH,54970
Person8376,26,ECE,85023
Person8377,22,IT,79038
Person8378,57,ECE,93364
Person8379,39,MECH,86859
Person8380,29,MECH,44905
Person8381,23,ECE,24684
Person8382,36,CSE,32133
Person8383,48,ECE,83362
Person8384,59,IT,47224
Person8385,42,MECH,77642
Person8386,44,MECH,56622
Person8387,53,ECE,91572
Person8388,56,MECH,60650
Person8389,31,ECE,92035
Person8390,59,CSE,40060
Person8391,40,CSE,82202
Person8392,57,ECE,61915
Person8393,24,MECH,35216
Person8394,23,ECE,38718
Person8395,55,CSE,45109
Person8396,46,ECE,32389
Person8397,27,ECE,94905
Person8398,55,MECH,37017
Person8399,24,ECE,67853
Person8400,47,ECE,65674
Person8401,28,CSE,63100
Person8402,22,MECH,70195
Person8403,52,IT,93256
Person8404,53,MECH,97431
Person8405,24,ECE,89935
Person8406,23,ECE,56772
Person8407,44,ECE,78199
Person8408,21,CSE,34870
Person8409,49,CSE,90580
Person8410,56,IT,35640
Person8411,50,IT,29106
Person8412,29,IT,86297
Person8413,27,MECH,80603
Person8414,47,IT,31070
Person8415,22,ECE,97251
Person8416,41,ECE,28929
Person8417,37,CSE,23918
Person8418,49,CSE,96462
Person8419,28,MECH,37843
Person8420,50,CSE,38782
Person8421,47,IT,83517
Person8422,29,IT,68574
Person8423,34,ECE,61603
Person8424,22,MECH,99044
Person8425,37,CSE,26929
Person8426,30,ECE,94058
Person8427,24,CSE,41436
Person8428,42,CSE,69809
Person8429,42,CSE,45924
Person8430,23,IT,43447
Person8431,27,MECH,45685
Person8432,23,IT,64722
Person8433,47,IT,90213
Person8434,33,IT,28998
Person8435,22,IT,72962
Person8436,27,CSE,88818
Person8437,59,IT,78793
Person8438,30,MECH,98411
Person8439,47,CSE,21085
Person8440,38,CSE,49000
Person8441,27,IT,54200
Person8442,32,IT,62849
Person8443,20,ECE,45425
Person8444,49,CSE,40255
Person8445,33,ECE,88154
Person8446,39,CSE,38608
Person8447,26,MECH,96309
Person8448,52,ECE,22963
Person8449,28,CSE,53867
Person8450,42,IT,68751
Person8451,54,IT,97844
Person8452,48,IT,81166
Person8453,44,IT,21148
Person8454,55,CSE,79885
Person8455,27,IT,46057
Person8456,58,IT,88791
Person8457,42,IT,81994
Person8458,36,ECE,35356
Person8459,30,ECE,48807
Person8460,49,IT,85687
Person8461,59,CSE,93676
Person8462,47,MECH,68290
Person8463,21,IT,37477
Person8464,38,IT,51166
Person8465,49,MECH,83653
Person8466,35,IT,67870
Person8467,50,IT,36136
Person8468,48,IT,42848
Person8469,22,CSE,35768
Person8470,42,CSE,57531
Person8471,26,ECE,55659
Person8472,39,ECE,63342
Person8473,35,ECE,95595
Person8474,52,CSE,72120
Person8475,54,MECH,66836
Person8476,38,CSE,49298
Person8477,41,IT,70802
Person8478,45,MECH,96430
Person8479,46,IT,20778
Person8480,45,CSE,47982
Person8481,51,ECE,24529
Person8482,59,IT,36297
Person8483,53,ECE,25354
Person8484,25,MECH,67384
Person8485,39,CSE,85571
Person8486,38,IT,95220
Person8487,40,ECE,38948
Person8488,41,IT,75952
Person8489,48,ECE,46307
Person8490,36,CSE,45263
Person8491,30,MECH,68796
Person8492,38,ECE,74320
Person8493,54,ECE,66716
Person8494,32,IT,27981
Person8495,20,ECE,52842
Person8496,59,ECE,42855
Person8497,27,MECH,20344
Person8498,44,CSE,23251
Person8499,52,IT,55968
Person8500,30,CSE,28034
Person8501,33,CSE,79110
Person8502,31,CSE,24501
Person8503,25,ECE,38819
Person8504,26,MECH,98854
Person8505,27,MECH,76668
Person8506,38,IT,64591
Person8507,41,IT,21212
Person8508,20,ECE,23494
Person8509,53,IT,92640
Person8510,47,CSE,83949
Person8511,22,CSE,96003
Person8512,53,ECE,84650
Person8513,21,MECH,20196
Person8514,42,CSE,84445
Person8515,38,IT,56625
Person8516,40,ECE,75388
Person8517,58,ECE,53105
Person8518,57,MECH,77680
Person8519,31,ECE,87350
Person8520,43,ECE,97961
Person8521,58,IT,63257
Person8522,49,ECE,42320
Person8523,55,CSE,68909
Person8524,37,MECH,59988
Person8525,31,MECH,36200
Person8526,40,CSE,77964
Person8527,52,IT,26165
Person8528,57,ECE,52253
Person8529,47,CSE,75386
Person8530,48,CSE,93684
Person8531,40,MECH,69654
Person8532,32,CSE,98341
Person8533,36,ECE,86586
Person8534,39,MECH,38893
Person8535,52,IT,87574
Person8536,42,ECE,46893
Person8537,51,IT,70482
Person8538,21,ECE,36065
Person8539,50,IT,63068
Person8540,40,ECE,74357
Person8541,59,CSE,93120
Person8542,38,MECH,95472
Person8543,39,IT,84101
Person8544,25,IT,64697
Person8545,52,IT,90593
Person8546,48,CSE,28484
Person8547,54,MECH,99667
Person8548,23,MECH,36311
Person8549,28,MECH,52280
Person8550,55,CSE,92606
Person8551,21,CSE,77354
Person8552,40,MECH,87983
Person8553,36,IT,75045
Person8554,57,CSE,68086
Person8555,54,CSE,33931
Person8556,55,ECE,99697
Person8557,31,ECE,70923
Person8558,43,IT,73457
Person8559,48,IT,54247
Person8560,58,MECH,96164
Person8561,20,IT,56050
Person8562,59,CSE,35228
Person8563,34,IT,34411
Person8564,25,ECE,75872
Person8565,44,ECE,79579
Person8566,51,CSE,36478
Person8567,25,CSE,75835
Person8568,21,CSE,99806
Person8569,55,ECE,62583
Person8570,57,CSE,97637
Person8571,26,CSE,32537
Person8572,56,MECH,52233
Person8573,56,IT,64549
Person8574,59,CSE,48641
Person8575,28,MECH,28010
Person8576,43,IT,56659
Person8577,59,ECE,47149
Person8578,56,CSE,36304
Person8579,44,CSE,49788
Person8580,27,IT,53442
Person8581,23,ECE,90674
Person8582,30,CSE,59321
Person8583,22,IT,53244
Person8584,27,IT,51137
Person8585,22,MECH,67877
Person8586,50,CSE,42047
Person8587,43,CSE,89982
Person8588,40,CSE,53499
Person8589,52,CSE,54060
Person8590,36,MECH,25109
Person8591,36,ECE,90696
Person8592,28,IT,57692
Person8593,37,CSE,30916
Person8594,26,MECH,33713
Person8595,43,IT,49187
Person8596,59,CSE,82440
Person8597,41,MECH,27578
Person8598,31,MECH,29641
Person8599,47,CSE,64874
Person8600,52,ECE,59920
Person8601,38,IT,96582
Person8602,30,IT,80160
Person8603,48,ECE,72556
Person8604,27,CSE,46870
Person8605,59,CSE,70086
Person8606,32,IT,66749
Person8607,34,MECH,42252
Person8608,49,ECE,49669
Person8609,20,CSE,94488
Person8610,28,IT,63040
Person8611,25,ECE,57722
Person8612,35,MECH,83732
Person8613,42,IT,41360
Person8614,27,MECH,37568
Person8615,33,IT,99015
Person8616,50,MECH,84261
Person8617,57,ECE,53849
Person8618,20,IT,95701
Person8619,45,MECH,49719
Person8620,21,IT,74016
Person8621,40,CSE,22796
Person8622,55,MECH,75808
Person8623,51,MECH,34263
Person8624,29,CSE,39309
Person8625,30,ECE,84735
Person8626,51,IT,36442
Person8627,52,MECH,58615
Person8628,31,IT,93650
Person8629,20,CSE,96389
Person8630,37,CSE,55517
Person8631,44,IT,26710
Person8632,37,ECE,42953
Person8633,57,IT,69275
Person8634,52,IT,46958
Person8635,51,ECE,77598
Person8636,20,IT,99400
Person8637,54,IT,69694
Person8638,50,CSE,69985
Person8639,35,CSE,62390
Person8640,43,CSE,34919
Person8641,52,MECH,66263
Person8642,56,CSE,94551
Person8643,42,ECE,75163
Person8644,21,ECE,80180
Person8645,44,CSE,89061
Person8646,47,ECE,50998
Person8647,22,MECH,46907
Person8648,52,IT,97593
Person8649,28,ECE,56772
Person8650,55,MECH,78690
Person8651,42,MECH,70872
Person8652,32,ECE,29886
Person8653,22,MECH,45137
Person8654,20,IT,46096
Person8655,49,CSE,34302
Person8656,35,MECH,82324
Person8657,53,CSE,97293
Person8658,29,IT,97300
Person8659,56,MECH,35578
Person8660,57,CSE,55961
Person8661,24,MECH,38618
Person8662,45,ECE,25000
Person8663,57,CSE,69494
Person8664,32,IT,88771
Person8665,22,ECE,26189
Person8666,55,CSE,71347
Person8667,38,MECH,22723
Person8668,21,ECE,87445
Person8669,53,MECH,25121
Person8670,47,CSE,54848
Person8671,22,IT,29861
Person8672,30,ECE,52972
Person8673,20,ECE,54335
Person8674,58,IT,63192
Person8675,20,MECH,86340
Person8676,51,CSE,99719
Person8677,40,MECH,47357
Person8678,43,MECH,93862
Person8679,52,ECE,54202
Person8680,55,CSE,29464
Person8681,25,CSE,68020
Person8682,20,IT,77820
Person8683,24,CSE,44171
Person8684,47,MECH,67175
Person8685,42,IT,54603
Person8686,23,ECE,31601
Person8687,29,CSE,50904
Person8688,41,MECH,54199
Person8689,49,MECH,47350
Person8690,33,CSE,93210
Person8691,57,MECH,51071
Person8692,59,CSE,70096
Person8693,50,ECE,20889
Person8694,38,ECE,45065
Person8695,55,IT,90900
Person8696,49,IT,91397
Person8697,40,MECH,98187
Person8698,37,MECH,24549
Person8699,53,CSE,88999
Person8700,42,CSE,41410
Person8701,27,IT,20459
Person8702,59,ECE,27398
Person8703,22,MECH,80070
Person8704,47,MECH,67351
Person8705,46,ECE,65848
Person8706,43,MECH,90559
Person8707,22,MECH,27533
Person8708,39,CSE,26617
Person8709,55,MECH,94628
Person8710,29,CSE,68498
Person8711,47,ECE,82097
Person8712,54,IT,61984
Person8713,58,IT,31623
Person8714,40,CSE,61811
Person8715,32,MECH,97123
Person8716,47,MECH,29414
Person8717,39,MECH,30095
Person8718,45,IT,47730
Person8719,49,CSE,56374
Person8720,48,MECH,70302
Person8721,29,ECE,32718
Person8722,50,CSE,94715
Person8723,41,ECE,32015
Person8724,57,CSE,36006
Person8725,46,MECH,97424
Person8726,55,MECH,50132
Person8727,59,MECH,65769
Person8728,59,CSE,54795
Person8729,49,IT,40733
Person8730,43,CSE,60538
Person8731,24,ECE,82111
Person8732,35,ECE,20914
Person8733,39,MECH,90019
Person8734,51,ECE,34748
Person8735,43,IT,93408
Person8736,37,IT,96978
Person8737,25,IT,94638
Person8738,48,CSE,72066
Person8739,37,IT,92446
Person8740,21,CSE,88763
Person8741,31,IT,71114
Person8742,55,IT,91359
Person8743,24,CSE,47397
Person8744,36,CSE,86774
Person8745,40,MECH,94045
Person8746,23,CSE,70816
Person8747,26,IT,29799
Person8748,57,MECH,37128
Person8749,43,MECH,33503
Person8750,28,IT,62649
Person8751,26,CSE,54706
Person8752,37,MECH,86187
Person8753,48,IT,42693
Person8754,49,CSE,33245
Person8755,27,CSE,69258
Person8756,49,CSE,31117
Person8757,55,ECE,92424
Person8758,29,CSE,26493
Person8759,21,CSE,59282
Person8760,58,IT,95896
Person8761,40,ECE,64309
Person8762,51,ECE,84665
Person8763,32,ECE,53850
Person8764,31,IT,80387
Person8765,29,ECE,76605
Person8766,28,ECE,61090
Person8767,38,IT,28055
Person8768,24,CSE,97676
Person8769,53,ECE,23887
Person8770,40,MECH,48557
Person8771,56,MECH,71307
Person8772,40,IT,81531
Person8773,32,IT,62790
Person8774,40,ECE,52099
Person8775,26,IT,52588
Person8776,52,CSE,98054
Person8777,48,CSE,46719
Person8778,25,IT,88365
Person8779,43,CSE,24144
Person8780,41,ECE,72750
Person8781,28,MECH,74444
Person8782,24,ECE,74055
Person8783,50,IT,53717
Person8784,30,ECE,75263
Person8785,40,MECH,55621
Person8786,29,CSE,67492
Person8787,46,CSE,91475
Person8788,21,CSE,73791
Person8789,34,MECH,79003
Person8790,41,CSE,97516
Person8791,37,MECH,37555
Person8792,44,ECE,67036
Person8793,27,MECH,72573
Person8794,37,IT,75621
Person8795,50,IT,30580
Person8796,33,CSE,80817
Person8797,26,IT,35525
Person8798,53,IT,52723
Person8799,51,MECH,77131
Person8800,47,CSE,41045
Person8801,51,MECH,30071
Person8802,51,MECH,74029
Person8803,49,MECH,42415
Person8804,40,ECE,86103
Person8805,20,MECH,91844
Person8806,43,MECH,47987
Person8807,30,ECE,79065
Person8808,50,IT,37929
Person8809,38,MECH,94356
Person8810,56,ECE,39660
Person8811,43,MECH,90546
Person8812,42,IT,82924
Person8813,56,ECE,45006
Person8814,39,MECH,85954
Person8815,35,CSE,70590
Person8816,34,ECE,73564
Person8817,55,MECH,50295
Person8818,50,IT,38726
Person8819,26,MECH,75768
Person8820,39,MECH,24178
Person8821,34,ECE,47876
Person8822,45,MECH,31321
Person8823,22,ECE,20105
Person8824,48,CSE,20594
Person8825,49,CSE,27515
Person8826,29,MECH,95175
Person8827,26,IT,81680
Person8828,45,ECE,99146
Person8829,30,IT,26720
Person8830,57,IT,99792
Person8831,51,MECH,67953
Person8832,58,IT,83541
Person8833,41,ECE,88622
Person8834,57,ECE,40961
Person8835,20,MECH,79288
Person8836,31,MECH,71806
Person8837,20,MECH,53075
Person8838,47,ECE,59346
Person8839,40,IT,36688
Person8840,31,CSE,34812
Person8841,32,CSE,93802
Person8842,45,ECE,78531
Person8843,27,CSE,65311
Person8844,40,ECE,75550
Person8845,44,MECH,52433
Person8846,29,ECE,39999
Person8847,29,CSE,95364
Person8848,34,ECE,99164
Person8849,43,MECH,37201
Person8850,30,IT,84155
Person8851,35,IT,55382
Person8852,41,MECH,76639
Person8853,27,CSE,28691
Person8854,42,CSE,58357
Person8855,25,ECE,29990
Person8856,25,CSE,85156
Person8857,29,MECH,51887
Person8858,31,ECE,41097
Person8859,21,IT,75972
Person8860,58,ECE,96373
Person8861,32,ECE,47111
Person8862,52,MECH,77423
Person8863,56,CSE,75167
Person8864,52,IT,59193
Person8865,53,MECH,84415
Person8866,24,MECH,30236
Person8867,34,ECE,90206
Person8868,49,IT,52331
Person8869,43,IT,23577
Person8870,20,CSE,99150
Person8871,42,MECH,81898
Person8872,52,IT,85295
Person8873,53,ECE,31771
Person8874,35,MECH,80048
Person8875,29,IT,75860
Person8876,32,ECE,92218
Person8877,31,MECH,49732
Person8878,33,MECH,94193
Person8879,32,CSE,76623
Person8880,38,CSE,40300
Person8881,21,MECH,37105
Person8882,31,CSE,92264
Person8883,32,IT,71599
Person8884,26,MECH,29466
Person8885,55,MECH,30041
Person8886,47,ECE,86207
Person8887,56,ECE,33579
Person8888,42,ECE,37518
Person8889,24,MECH,69156
Person8890,56,ECE,89074
Person8891,38,ECE,46941
Person8892,47,CSE,73256
Person8893,35,MECH,76302
Person8894,39,MECH,68029
Person8895,39,MECH,74812
Person8896,31,ECE,38203
Person8897,42,CSE,69730
Person8898,49,ECE,20282
Person8899,20,ECE,78443
Person8900,25,CSE,83386
Person8901,53,IT,83514
Person8902,42,ECE,22356
Person8903,58,ECE,92913
Person8904,44,MECH,54757
Person8905,46,IT,26441
Person8906,55,ECE,62757
Person8907,46,MECH,65723
Person8908,33,CSE,52164
Person8909,41,MECH,79902
Person8910,29,CSE,63497
Person8911,33,CSE,37355
Person8912,47,MECH,69609
Person8913,25,CSE,41089
Person8914,46,CSE,29497
Person8915,43,CSE,41357
Person8916,32,IT,92444
Person8917,21,MECH,65786
Person8918,48,ECE,45419
Person8919,52,IT,49293
Person8920,49,ECE,88791
Person8921,36,IT,73287
Person8922,46,ECE,81898
Person8923,36,CSE,68819
Person8924,34,CSE,99376
Person8925,33,ECE,72568
Person8926,28,CSE,52022
Person8927,58,CSE,40185
Person8928,46,ECE,23703
Person8929,26,IT,81389
Person8930,54,CSE,94631
Person8931,26,CSE,73122
Person8932,43,IT,58972
Person8933,26,CSE,30451
Person8934,34,IT,71518
Person8935,46,MECH,36013
Person8936,59,IT,69769
Person8937,59,MECH,44077
Person8938,55,MECH,89270
Person8939,29,CSE,94883
Person8940,23,MECH,38739
Person8941,56,MECH,46107
Person8942,56,IT,93762
Person8943,31,CSE,21590
Person8944,20,CSE,61330
Person8945,45,CSE,31330
Person8946,23,IT,54633
Person8947,21,CSE,22573
Person8948,57,IT,31238
Person8949,39,ECE,52227
Person8950,24,ECE,24804
Person8951,46,IT,83772
Person8952,34,MECH,66240
Person8953,41,MECH,56034
Person8954,55,IT,57790
Person8955,29,IT,87119
Person8956,45,MECH,87635
Person8957,53,ECE,23802
Person8958,36,IT,74816
Person8959,58,MECH,57577
Person8960,37,IT,82631
Person8961,38,IT,82966
Person8962,55,MECH,76664
Person8963,45,ECE,73977
Person8964,54,IT,36955
Person8965,51,IT,88226
Person8966,48,CSE,76065
Person8967,29,MECH,41906
Person8968,35,MECH,38618
Person8969,54,MECH,60068
Person8970,44,IT,47427
Person8971,31,ECE,74150
Person8972,33,IT,52517
Person8973,51,MECH,33479
Person8974,27,CSE,51606
Person8975,24,MECH,85264
Person8976,50,CSE,86454
Person8977,31,IT,44917
Person8978,50,IT,83667
Person8979,41,IT,27464
Person8980,59,MECH,98720
Person8981,40,ECE,81256
Person8982,54,ECE,23267
Person8983,54,IT,76401
Person8984,28,CSE,59521
Person8985,59,IT,90694
Person8986,49,ECE,39197
Person8987,24,MECH,91365
Person8988,20,MECH,89649
Person8989,30,CSE,42282
Person8990,20,CSE,54586
Person8991,34,CSE,71309
Person8992,59,IT,39219
Person8993,39,CSE,99929
Person8994,20,MECH,35275
Person8995,39,CSE,39504
Person8996,28,IT,60055
Person8997,54,IT,57830
Person8998,23,ECE,24015
Person8999,50,CSE,92813
Person9000,37,ECE,39210
Person9001,20,MECH,28246
Person9002,46,MECH,61536
Person9003,38,MECH,94259
Person9004,50,MECH,20181
Person9005,44,MECH,59052
Person9006,51,CSE,92863
Person9007,38,CSE,91443
Person9008,20,IT,33666
Person9009,25,MECH,69709
Person9010,38,IT,86879
Person9011,35,MECH,73714
Person9012,51,ECE,72577
Person9013,36,MECH,81838
Person9014,54,MECH,56259
Person9015,27,CSE,25370
Person9016,35,ECE,71159
Person9017,50,MECH,70221
Person9018,24,CSE,88118
Person9019,32,CSE,93914
Person9020,50,CSE,47019
Person9021,43,MECH,96489
Person9022,51,CSE,20791
Person9023,40,ECE,97465
Person9024,54,CSE,30984
Person9025,55,ECE,71666
Person9026,58,CSE,74657
Person9027,24,IT,70662
Person9028,43,ECE,99274
Person9029,24,CSE,64197
Person9030,29,MECH,30515
Person9031,32,IT,68604
Person9032,45,IT,43270
Person9033,37,IT,68969
Person9034,54,ECE,50451
Person9035,31,ECE,23392
Person9036,44,ECE,71000
Person9037,50,ECE,27109
Person9038,59,IT,46231
Person9039,29,CSE,69553
Person9040,49,IT,90493
Person9041,23,IT,45137
Person9042,41,IT,43876
Person9043,36,MECH,44114
Person9044,58,IT,66010
Person9045,50,CSE,35475
Person9046,57,IT,62170
Person9047,54,MECH,84085
Person9048,36,IT,26457
Person9049,49,CSE,97146
Person9050,21,IT,62545
Person9051,42,MECH,70220
Person9052,21,CSE,69385
Person9053,48,MECH,95633
Person9054,58,CSE,73172
Person9055,47,CSE,90710
Person9056,53,MECH,42877
Person9057,29,IT,37434
Person9058,59,CSE,71487
Person9059,42,ECE,32282
Person9060,46,ECE,28892
Person9061,50,MECH,36926
Person9062,45,CSE,41676
Person9063,32,MECH,27696
Person9064,44,ECE,78296
Person9065,46,IT,66630
Person9066,54,ECE,36026
Person9067,39,ECE,42612
Person9068,40,CSE,94384
Person9069,40,IT,93033
Person9070,24,IT,29852
Person9071,23,ECE,69072
Person9072,20,ECE,45846
Person9073,46,IT,48768
Person9074,36,ECE,67983
Person9075,54,CSE,98771
Person9076,48,CSE,66623
Person9077,25,MECH,96255
Person9078,24,CSE,85628
Person9079,34,CSE,82289
Person9080,56,CSE,83224
Person9081,21,IT,83334
Person9082,27,IT,40424
Person9083,21,IT,98181
Person9084,36,ECE,93465
Person9085,59,ECE,68036
Person9086,47,ECE,76893
Person9087,39,MECH,90401
Person9088,25,CSE,32210
Person9089,34,MECH,25186
Person9090,40,CSE,99654
Person9091,30,ECE,64325
Person9092,48,ECE,77767
Person9093,59,MECH,60201
Person9094,28,IT,61388
Person9095,30,MECH,23017
Person9096,25,ECE,43153
Person9097,49,MECH,26956
Person9098,38,MECH,54583
Person9099,31,CSE,21747
Person9100,28,IT,84206
Person9101,22,IT,43521
Person9102,39,CSE,79292
Person9103,47,CSE,24280
Person9104,29,CSE,22665
Person9105,20,MECH,53852
Person9106,38,CSE,83043
Person9107,47,CSE,85019
Person9108,33,MECH,63571
Person9109,30,CSE,69106
Person9110,26,CSE,75100
Person9111,49,CSE,73903
Person9112,54,MECH,79295
Person9113,50,ECE,22520
Person9114,40,ECE,54309
Person9115,48,MECH,87162
Person9116,35,CSE,55182
Person9117,20,MECH,31695
Person9118,34,ECE,73222
Person9119,48,MECH,44212
Person9120,45,MECH,60908
Person9121,59,MECH,61343
Person9122,59,CSE,75707
Person9123,29,CSE,94399
Person9124,20,MECH,75489
Person9125,30,CSE,99851
Person9126,55,ECE,21516
Person9127,52,MECH,82612
Person9128,23,IT,53368
Person9129,26,MECH,78345
Person9130,42,IT,26818
Person9131,46,MECH,62214
Person9132,59,ECE,22395
Person9133,50,CSE,73250
Person9134,28,MECH,37323
Person9135,21,IT,31553
Person9136,45,ECE,26324
Person9137,42,CSE,41535
Person9138,56,CSE,96781
Person9139,43,MECH,98771
Person9140,40,MECH,26429
Person9141,32,CSE,98369
Person9142,23,CSE,67006
Person9143,55,MECH,45837
Person9144,53,ECE,95386
Person9145,26,ECE,39283
Person9146,48,ECE,34535
Person9147,34,MECH,38361
Person9148,37,MECH,31659
Person9149,53,CSE,58789
Person9150,53,CSE,31245
Person9151,27,MECH,37901
Person9152,32,MECH,49708
Person9153,52,CSE,71879
Person9154,56,CSE,88643
Person9155,23,MECH,25985
Person9156,53,ECE,70455
Person9157,39,CSE,28294
Person9158,43,MECH,99258
Person9159,23,CSE,42154
Person9160,47,CSE,88547
Person9161,47,MECH,82195
Person9162,46,CSE,45948
Person9163,51,CSE,45863
Person9164,57,IT,45367
Person9165,53,CSE,57665
Person9166,49,MECH,55363
Person9167,59,IT,72529
Person9168,46,IT,57145
Person9169,46,IT,83083
Person9170,41,ECE,57316
Person9171,50,IT,44568
Person9172,22,CSE,46136
Person9173,40,ECE,78477
Person9174,37,CSE,31246
Person9175,56,MECH,42885
Person9176,22,IT,44935
Person9177,45,IT,71557
Person9178,27,IT,30326
Person9179,55,CSE,56070
Person9180,54,IT,73970
Person9181,29,MECH,94130
Person9182,54,ECE,55011
Person9183,39,CSE,98567
Person9184,58,CSE,68615
Person9185,49,IT,81929
Person9186,21,ECE,39432
Person9187,28,MECH,93237
Person9188,36,IT,40733
Person9189,28,ECE,30920
Person9190,25,CSE,26322
Person9191,59,ECE,72357
Person9192,54,CSE,70266
Person9193,37,CSE,35869
Person9194,28,IT,90294
Person9195,27,ECE,42157
Person9196,56,MECH,68787
Person9197,33,MECH,61825
Person9198,20,MECH,67386
Person9199,35,MECH,79358
Person9200,38,CSE,94190
Person9201,44,MECH,77719
Person9202,33,IT,92574
Person9203,56,CSE,89556
Person9204,45,CSE,48714
Person9205,59,MECH,64741
Person9206,34,IT,35846
Person9207,46,ECE,94107
Person9208,34,IT,97360
Person9209,47,CSE,91031
Person9210,49,MECH,79405
Person9211,32,IT,87924
Person9212,57,ECE,83525
Person9213,54,MECH,38361
Person9214,55,CSE,41107
Person9215,28,MECH,62515
Person9216,48,MECH,53639
Person9217,24,IT,78898
Person9218,24,CSE,78887
Person9219,58,ECE,98088
Person9220,26,MECH,83075
Person9221,54,IT,20931
Person9222,37,CSE,47238
Person9223,32,MECH,46169
Person9224,22,IT,70684
Person9225,47,MECH,47388
Person9226,48,ECE,98280
Person9227,38,CSE,43082
Person9228,52,ECE,55004
Person9229,32,CSE,85393
Person9230,42,CSE,49372
Person9231,31,ECE,23605
Person9232,43,CSE,46582
Person9233,25,CSE,48754
Person9234,39,MECH,68971
Person9235,41,CSE,76934
Person9236,42,CSE,63897
Person9237,37,MECH,52539
Person9238,45,IT,60221
Person9239,40,MECH,31525
Person9240,31,CSE,34480
Person9241,28,CSE,68868
Person9242,45,MECH,89233
Person9243,57,MECH,61808
Person9244,50,ECE,24828
Person9245,45,IT,98547
Person9246,56,IT,45929
Person9247,55,MECH,79882
Person9248,40,MECH,91816
Person9249,24,IT,98894
Person9250,45,CSE,29316
Person9251,44,MECH,34908
Person9252,31,IT,71632
Person9253,53,CSE,80927
Person9254,54,CSE,86784
Person9255,33,ECE,64131
Person9256,39,ECE,32685
Person9257,27,IT,77000
Person9258,27,ECE,73468
Person9259,30,MECH,57404
Person9260,34,IT,71008
Person9261,30,IT,36991
Person9262,26,MECH,84869
Person9263,37,IT,23658
Person9264,44,MECH,87118
Person9265,33,CSE,87063
Person9266,41,MECH,74997
Person9267,30,ECE,85184
Person9268,48,ECE,93028
Person9269,45,MECH,33003
Person9270,58,ECE,63572
Person9271,22,CSE,71614
Person9272,54,IT,95415
Person9273,33,MECH,79018
Person9274,22,MECH,67549
Person9275,47,IT,64609
Person9276,26,MECH,31498
Person9277,27,MECH,45378
Person9278,59,IT,54655
Person9279,28,ECE,90475
Person9280,41,IT,88946
Person9281,28,MECH,71395
Person9282,24,CSE,28478
Person9283,20,CSE,77617
Person9284,20,IT,56715
Person9285,38,IT,72169
Person9286,37,IT,54658
Person9287,21,CSE,77703
Person9288,33,IT,37402
Person9289,30,IT,31605
Person9290,42,IT,37591
Person9291,59,ECE,93807
Person9292,47,MECH,26034
Person9293,56,ECE,42864
Person9294,27,CSE,47397
Person9295,28,MECH,86924
Person9296,50,CSE,48738
Person9297,32,CSE,91470
Person9298,53,CSE,99043
Person9299,38,ECE,72097
Person9300,28,CSE,47442
Person9301,53,IT,67864
Person9302,42,IT,73539
Person9303,52,IT,28723
Person9304,38,ECE,86642
Person9305,25,CSE,54897
Person9306,47,MECH,87665
Person9307,24,MECH,68931
Person9308,46,CSE,88865
Person9309,36,IT,26549
Person9310,51,ECE,23394
Person9311,54,IT,28916
Person9312,36,CSE,89959
Person9313,55,ECE,99478
Person9314,24,ECE,99893
Person9315,24,CSE,46578
Person9316,59,MECH,41142
Person9317,42,IT,47978
Person9318,38,MECH,85375
Person9319,26,ECE,40122
Person9320,31,MECH,63790
Person9321,47,ECE,71681
Person9322,52,ECE,48911
Person9323,56,IT,57846
Person9324,36,MECH,73213
Person9325,38,ECE,83234
Person9326,26,ECE,35169
Person9327,23,IT,60999
Person9328,37,MECH,32347
Person9329,43,CSE,21233
Person9330,24,IT,71613
Person9331,36,MECH,58614
Person9332,45,ECE,40752
Person9333,52,IT,24414
Person9334,57,IT,95675
Person9335,33,IT,86142
Person9336,35,ECE,94822
Person9337,54,IT,29092
Person9338,47,IT,21125
Person9339,30,IT,37356
Person9340,47,MECH,28039
Person9341,26,ECE,56797
Person9342,37,CSE,71634
Person9343,32,IT,35614
Person9344,59,MECH,51733
Person9345,21,IT,63137
Person9346,54,MECH,45386
Person9347,31,MECH,56855
Person9348,21,CSE,67223
Person9349,46,ECE,96201
Person9350,47,MECH,44816
Person9351,25,CSE,27069
Person9352,21,CSE,89481
Person9353,24,MECH,66138
Person9354,36,CSE,57766
Person9355,25,MECH,77631
Person9356,48,ECE,98495
Person9357,23,ECE,30210
Person9358,51,CSE,88849
Person9359,54,ECE,70916
Person9360,48,MECH,66830
Person9361,57,MECH,89139
Person9362,57,ECE,44333
Person9363,21,CSE,83004
Person9364,33,IT,65643
Person9365,50,IT,94813
Person9366,33,IT,57418
Person9367,49,ECE,77646
Person9368,50,MECH,59786
Person9369,59,CSE,51518
Person9370,33,IT,50036
Person9371,33,CSE,93636
Person9372,20,ECE,87027
Person9373,31,IT,38028
Person9374,31,MECH,89249
Person9375,38,IT,66696
Person9376,36,ECE,28333
Person9377,54,CSE,81252
Person9378,50,CSE,32983
Person9379,49,CSE,89782
Person9380,20,CSE,56359
Person9381,38,ECE,93323
Person9382,49,CSE,58648
Person9383,29,CSE,26798
Person9384,36,ECE,81335
Person9385,49,MECH,78084
Person9386,51,MECH,44187
Person9387,54,CSE,36328
Person9388,37,IT,89104
Person9389,35,MECH,82329
Person9390,35,ECE,43828
Person9391,46,ECE,76055
Person9392,36,IT,39263
Person9393,36,ECE,34508
Person9394,26,CSE,73113
Person9395,39,ECE,86626
Person9396,29,CSE,93494
Person9397,40,CSE,56943
Person9398,55,ECE,31471
Person9399,51,CSE,63508
Person9400,39,ECE,74466
Person9401,59,CSE,97712
Person9402,59,MECH,28973
Person9403,37,CSE,72530
Person9404,50,CSE,60985
Person9405,33,IT,67085
Person9406,55,CSE,27413
Person9407,34,ECE,21341
Person9408,30,MECH,68520
Person9409,25,ECE,35937
Person9410,53,ECE,69116
Person9411,31,CSE,22125
Person9412,52,ECE,84103
Person9413,23,IT,46664
Person9414,40,MECH,56094
Person9415,37,IT,47560
Person9416,37,MECH,53467
Person9417,26,IT,62426
Person9418,22,ECE,71645
Person9419,33,MECH,75181
Person9420,38,MECH,99213
Person9421,51,IT,34347
Person9422,38,MECH,89733
Person9423,29,ECE,68132
Person9424,30,CSE,44765
Person9425,44,IT,93358
Person9426,37,ECE,76549
Person9427,56,IT,34800
Person9428,37,MECH,33983
Person9429,42,CSE,72727
Person9430,22,MECH,78373
Person9431,27,ECE,23647
Person9432,54,CSE,70251
Person9433,33,ECE,62491
Person9434,36,MECH,97556
Person9435,43,CSE,79323
Person9436,22,MECH,92740
Person9437,40,IT,22723
Person9438,33,CSE,81138
Person9439,25,CSE,46693
Person9440,36,CSE,64267
Person9441,37,MECH,90236
Person9442,27,IT,89593
Person9443,41,IT,38038
Person9444,49,CSE,39207
Person9445,30,ECE,77829
Person9446,58,CSE,90246
Person9447,44,ECE,68979
Person9448,50,ECE,24368
Person9449,22,MECH,33095
Person9450,50,IT,79954
Person9451,33,IT,79336
Person9452,48,CSE,91719
Person9453,52,CSE,62566
Person9454,30,ECE,54207
Person9455,30,ECE,28962
Person9456,22,ECE,82556
Person9457,44,MECH,95949
Person9458,50,MECH,23622
Person9459,36,IT,59356
Person9460,26,MECH,48422
Person9461,32,ECE,79606
Person9462,36,CSE,81084
Person9463,56,ECE,37416
Person9464,24,IT,96160
Person9465,33,IT,30974
Person9466,45,ECE,82495
Person9467,29,CSE,79304
Person9468,55,CSE,32985
Person9469,56,CSE,73905
Person9470,35,MECH,41631
Person9471,49,MECH,41928
Person9472,50,MECH,26921
Person9473,47,CSE,79702
Person9474,27,ECE,84605
Person9475,21,CSE,60399
Person9476,33,ECE,82074
Person9477,25,MECH,47887
Person9478,31,ECE,65211
Person9479,45,MECH,82951
Person9480,43,ECE,54464
Person9481,28,MECH,69342
Person9482,20,ECE,31606
Person9483,29,ECE,60581
Person9484,38,CSE,88071
Person9485,51,MECH,81848
Person9486,34,IT,44010
Person9487,31,MECH,63586
Person9488,42,MECH,69573
Person9489,22,IT,95082
Person9490,29,CSE,86307
Person9491,21,IT,85444
Person9492,41,CSE,80221
Person9493,37,MECH,48655
Person9494,43,IT,50160
Person9495,44,IT,57193
Person9496,35,ECE,54081
Person9497,54,IT,96586
Person9498,56,MECH,90027
Person9499,24,CSE,91616
Person9500,56,CSE,68603
Person9501,27,IT,35294
Person9502,29,IT,31498
Person9503,41,IT,41944
Person9504,21,ECE,72080
Person9505,34,ECE,49153
Person9506,27,IT,72415
Person9507,39,CSE,90387
Person9508,52,IT,46751
Person9509,56,MECH,94193
Person9510,28,MECH,60954
Person9511,41,ECE,84187
Person9512,38,IT,24784
Person9513,36,MECH,42056
Person9514,45,CSE,94470
Person9515,59,MECH,90965
Person9516,36,IT,65676
Person9517,22,CSE,22630
Person9518,56,MECH,24778
Person9519,57,CSE,53824
Person9520,32,MECH,91841
Person9521,40,IT,50210
Person9522,54,ECE,90725
Person9523,40,CSE,62819
Person9524,39,CSE,30784
Person9525,56,MECH,64851
Person9526,53,IT,49145
Person9527,40,ECE,38032
Person9528,26,IT,74009
Person9529,37,ECE,36364
Person9530,47,CSE,92439
Person9531,30,MECH,84285
Person9532,41,IT,82564
Person9533,46,ECE,26095
Person9534,23,IT,96856
Person9535,42,MECH,59462
Person9536,49,ECE,78635
Person9537,28,MECH,35331
Person9538,41,ECE,81445
Person9539,48,CSE,45565
Person9540,21,IT,76567
Person9541,45,ECE,42183
Person9542,30,MECH,94589
Person9543,35,MECH,76681
Person9544,45,CSE,56182
Person9545,20,MECH,56481
Person9546,20,ECE,20020
Person9547,37,MECH,43955
Person9548,57,ECE,83139
Person9549,20,IT,86508
Person9550,51,CSE,99975
Person9551,22,CSE,26863
Person9552,39,ECE,40058
Person9553,37,CSE,81308
Person9554,38,CSE,48907
Person9555,23,MECH,39865
Person9556,50,IT,42509
Person9557,31,MECH,93441
Person9558,50,ECE,88630
Person9559,46,IT,20444
Person9560,42,ECE,87246
Person9561,32,CSE,64533
Person9562,46,IT,87558
Person9563,59,MECH,69781
Person9564,56,ECE,75068
Person9565,56,MECH,66184
Person9566,28,MECH,78771
Person9567,43,CSE,85201
Person9568,35,CSE,60659
Person9569,58,MECH,28973
Person9570,58,CSE,27446
Person9571,54,MECH,53244
Person9572,26,ECE,57868
Person9573,32,CSE,89098
Person9574,48,MECH,22651
Person9575,49,ECE,91098
Person9576,34,ECE,24410
Person9577,25,CSE,59867
Person9578,25,MECH,53815
Person9579,47,IT,64637
Person9580,38,MECH,23398
Person9581,39,CSE,81112
Person9582,52,IT,30746
Person9583,20,CSE,82368
Person9584,50,ECE,65348
Person9585,30,CSE,91046
Person9586,57,IT,98302
Person9587,58,CSE,87508
Person9588,40,MECH,56169
Person9589,32,CSE,53153
Person9590,29,CSE,73038
Person9591,27,MECH,71980
Person9592,59,IT,83221
Person9593,27,CSE,58658
Person9594,37,CSE,57013
Person9595,39,ECE,29436
Person9596,47,IT,33514
Person9597,53,CSE,85734
Person9598,42,CSE,99136
Person9599,50,ECE,68141
Person9600,42,ECE,47536
Person9601,37,CSE,24640
Person9602,26,MECH,23467
Person9603,28,MECH,74149
Person9604,37,CSE,71341
Person9605,21,MECH,42648
Person9606,32,CSE,35100
Person9607,38,MECH,25541
Person9608,38,ECE,74591
Person9609,52,CSE,68527
Person9610,58,CSE,46662
Person9611,49,IT,78576
Person9612,23,MECH,87619
Person9613,36,MECH,61382
Person9614,49,CSE,40992
Person9615,43,CSE,20451
Person9616,38,CSE,83636
Person9617,37,ECE,66150
Person9618,36,ECE,47795
Person9619,43,IT,20528
Person9620,27,IT,85122
Person9621,40,ECE,94112
Person9622,28,ECE,58497
Person9623,47,ECE,41384
Person9624,54,MECH,69580
Person9625,40,MECH,89680
Person9626,35,MECH,66982
Person9627,57,CSE,20968
Person9628,46,ECE,35608
Person9629,37,IT,27777
Person9630,21,ECE,52897
Person9631,20,CSE,56112
Person9632,28,CSE,62839
Person9633,29,CSE,80688
Person9634,48,IT,28990
Person9635,40,CSE,95404
Person9636,59,MECH,41085
Person9637,41,ECE,61687
Person9638,56,CSE,36868
Person9639,42,IT,48436
Person9640,34,MECH,86609
Person9641,48,IT,23564
Person9642,37,IT,58656
Person9643,30,IT,66696
Person9644,38,MECH,65594
Person9645,46,MECH,50403
Person9646,35,MECH,50225
Person9647,48,ECE,92730
Person9648,59,CSE,39278
Person9649,36,ECE,58404
Person9650,31,ECE,49140
Person9651,36,CSE,81235
Person9652,53,IT,84468
Person9653,27,IT,87856
Person9654,58,ECE,26795
Person9655,36,ECE,27862
Person9656,53,IT,50033
Person9657,51,ECE,55267
Person9658,51,MECH,25041
Person9659,56,MECH,91497
Person9660,27,ECE,91759
Person9661,43,IT,53956
Person9662,23,CSE,81555
Person9663,31,CSE,65212
Person9664,21,MECH,72564
Person9665,47,MECH,89848
Person9666,44,IT,27360
Person9667,49,MECH,38607
Person9668,27,CSE,54245
Person9669,33,IT,91566
Person9670,47,ECE,67352
Person9671,53,CSE,51762
Person9672,55,MECH,22296
Person9673,22,CSE,67442
Person9674,36,ECE,41569
Person9675,20,ECE,46243
Person9676,52,CSE,99672
Person9677,24,IT,62169
Person9678,52,MECH,31099
Person9679,26,IT,23942
Person9680,20,ECE,51060
Person9681,55,MECH,25220
Person9682,37,IT,54297
Person9683,36,CSE,53177
Person9684,45,IT,90361
Person9685,30,CSE,46796
Person9686,47,IT,42098
Person9687,37,MECH,69263
Person9688,30,MECH,71123
Person9689,35,CSE,23032
Person9690,20,MECH,26701
Person9691,32,MECH,33413
Person9692,43,IT,82157
Person9693,25,IT,36767
Person9694,24,ECE,99415
Person9695,46,ECE,55239
Person9696,37,ECE,94682
Person9697,25,ECE,39746
Person9698,49,CSE,53898
Person9699,51,CSE,31013
Person9700,21,IT,87691
Person9701,28,ECE,67805
Person9702,34,ECE,26054
Person9703,49,MECH,79509
Person9704,22,MECH,90976
Person9705,52,ECE,74821
Person9706,32,IT,84669
Person9707,25,CSE,42094
Person9708,54,ECE,54574
Person9709,23,CSE,88355
Person9710,25,MECH,68650
Person9711,57,CSE,68945
Person9712,40,IT,81367
Person9713,38,MECH,69173
Person9714,47,CSE,30113
Person9715,45,MECH,37027
Person9716,44,ECE,82280
Person9717,20,MECH,39377
Person9718,42,CSE,73243
Person9719,31,MECH,57980
Person9720,52,CSE,69624
Person9721,40,CSE,39025
Person9722,24,MECH,44831
Person9723,55,MECH,75046
Person9724,31,ECE,33737
Person9725,30,CSE,44684
Person9726,57,ECE,99847
Person9727,51,IT,32153
Person9728,54,MECH,66207
Person9729,46,CSE,32129
Person9730,56,IT,76572
Person9731,24,ECE,30178
Person9732,43,MECH,65919
Person9733,31,CSE,55180
Person9734,35,ECE,75335
Person9735,29,IT,20243
Person9736,28,ECE,61284
Person9737,37,CSE,63389
Person9738,56,CSE,39254
Person9739,45,IT,43864
Person9740,33,IT,76514
Person9741,37,CSE,64198
Person9742,41,IT,66310
Person9743,29,IT,94834
Person9744,40,ECE,52401
Person9745,47,MECH,89523
Person9746,29,ECE,97934
Person9747,43,CSE,66114
Person9748,48,MECH,36945
Person9749,40,CSE,53445
Person9750,31,ECE,23725
Person9751,42,ECE,75869
Person9752,51,CSE,41886
Person9753,28,IT,93851
Person9754,42,MECH,72244
Person9755,47,IT,59163
Person9756,32,MECH,34930
Person9757,35,CSE,27944
Person9758,55,ECE,73802
Person9759,34,ECE,81287
Person9760,43,IT,41290
Person9761,25,CSE,20838
Person9762,57,MECH,45588
Person9763,43,CSE,81171
Person9764,50,IT,66416
Person9765,44,MECH,26793
Person9766,34,ECE,29180
Person9767,33,ECE,28529
Person9768,48,ECE,80642
Person9769,54,CSE,82536
Person9770,25,MECH,52634
Person9771,53,IT,75161
Person9772,53,CSE,21673
Person9773,24,MECH,64952
Person9774,24,MECH,41771
Person9775,47,IT,85646
Person9776,53,IT,59095
Person9777,35,CSE,88109
Person9778,45,CSE,65035
Person9779,59,IT,56600
Person9780,32,CSE,95758
Person9781,29,MECH,99703
Person9782,59,IT,56449
Person9783,31,MECH,48606
Person9784,38,CSE,71706
Person9785,37,CSE,33720
Person9786,40,MECH,50907
Person9787,30,IT,87678
Person9788,47,ECE,91752
Person9789,47,MECH,53245
Person9790,28,IT,51224
Person9791,39,IT,89959
Person9792,22,MECH,36172
Person9793,28,MECH,24893
Person9794,59,IT,25821
Person9795,40,IT,28884
Person9796,44,ECE,90384
Person9797,55,MECH,23221
Person9798,48,ECE,46592
Person9799,51,IT,68160
Person9800,48,CSE,68734
Person9801,39,CSE,86549
Person9802,45,ECE,98478
Person9803,31,CSE,52212
Person9804,55,MECH,38644
Person9805,27,MECH,27255
Person9806,55,IT,91313
Person9807,55,MECH,49877
Person9808,25,MECH,91874
Person9809,48,MECH,47843
Person9810,59,CSE,80483
Person9811,42,MECH,71477
Person9812,33,CSE,77070
Person9813,55,MECH,72172
Person9814,40,IT,44553
Person9815,24,IT,28241
Person9816,29,MECH,20864
Person9817,47,ECE,53614
Person9818,38,IT,91321
Person9819,28,IT,71401
Person9820,51,ECE,73937
Person9821,24,CSE,40708
Person9822,28,MECH,58889
Person9823,38,MECH,52566
Person9824,21,IT,30904
Person9825,35,IT,69095
Person9826,56,CSE,49075
Person9827,57,ECE,52229
Person9828,54,IT,67752
Person9829,32,ECE,22468
Person9830,22,ECE,94897
Person9831,52,ECE,37809
Person9832,34,ECE,74335
Person9833,49,MECH,82086
Person9834,24,ECE,32319
Person9835,46,ECE,39880
Person9836,43,ECE,52990
Person9837,56,CSE,85416
Person9838,24,IT,70864
Person9839,36,IT,57352
Person9840,59,ECE,87955
Person9841,35,CSE,57833
Person9842,46,MECH,90876
Person9843,26,MECH,81641
Person9844,49,MECH,33777
Person9845,31,MECH,50663
Person9846,42,MECH,22011
Person9847,55,CSE,39078
Person9848,46,CSE,21802
Person9849,38,CSE,28402
Person9850,27,CSE,20341
Person9851,33,IT,73752
Person9852,53,MECH,52769
Person9853,28,MECH,57595
Person9854,46,MECH,81153
Person9855,39,CSE,84752
Person9856,32,CSE,62638
Person9857,48,IT,56613
Person9858,34,ECE,71993
Person9859,31,MECH,53184
Person9860,41,IT,55395
Person9861,50,CSE,43908
Person9862,54,IT,35174
Person9863,45,MECH,35954
Person9864,46,ECE,72425
Person9865,51,ECE,86434
Person9866,30,CSE,53894
Person9867,30,CSE,27616
Person9868,39,CSE,68820
Person9869,45,IT,92170
Person9870,45,CSE,62203
Person9871,26,ECE,22152
Person9872,51,CSE,26557
Person9873,34,ECE,61780
Person9874,55,CSE,88928
Person9875,48,ECE,24666
Person9876,59,MECH,80286
Person9877,45,IT,82368
Person9878,41,ECE,24125
Person9879,27,MECH,36919
Person9880,35,MECH,20318
Person9881,54,IT,65273
Person9882,35,IT,33981
Person9883,22,CSE,93315
Person9884,29,MECH,27291
Person9885,43,IT,71940
Person9886,45,ECE,82946
Person9887,59,MECH,34265
Person9888,57,ECE,40203
Person9889,41,ECE,83734
Person9890,42,CSE,27423
Person9891,52,CSE,55318
Person9892,21,MECH,40007
Person9893,43,IT,21054
Person9894,38,MECH,56125
Person9895,51,CSE,58941
Person9896,52,CSE,47772
Person9897,46,MECH,84998
Person9898,46,CSE,27680
Person9899,47,MECH,54396
Person9900,43,IT,34448
Person9901,29,CSE,80674
Person9902,31,MECH,64539
Person9903,49,IT,76442
Person9904,44,ECE,28600
Person9905,29,IT,56552
Person9906,55,IT,24050
Person9907,59,ECE,45862
Person9908,45,ECE,95620
Person9909,29,MECH,78123
Person9910,57,MECH,26267
Person9911,29,ECE,49513
Person9912,37,CSE,89665
Person9913,54,MECH,33606
Person9914,40,CSE,80568
Person9915,29,CSE,45669
Person9916,23,CSE,58160
Person9917,34,ECE,90147
Person9918,46,CSE,73803
Person9919,48,ECE,42671
Person9920,28,CSE,20704
Person9921,26,ECE,38796
Person9922,48,IT,53421
Person9923,26,ECE,30673
Person9924,22,MECH,90571
Person9925,39,CSE,24414
Person9926,42,CSE,63253
Person9927,29,IT,98135
Person9928,28,MECH,46797
Person9929,29,CSE,62942
Person9930,33,MECH,25876
Person9931,20,CSE,78371
Person9932,20,CSE,98198
Person9933,34,ECE,81837
Person9934,20,MECH,31954
Person9935,32,MECH,48185
Person9936,43,IT,77884
Person9937,21,CSE,83912
Person9938,44,CSE,52270
Person9939,44,MECH,96918
Person9940,42,IT,36283
Person9941,45,MECH,79340
Person9942,52,MECH,59716
Person9943,22,CSE,76938
Person9944,26,IT,67681
Person9945,32,IT,54578
Person9946,47,MECH,85230
Person9947,54,ECE,87305
Person9948,56,MECH,85381
Person9949,43,MECH,27106
Person9950,36,IT,53843
Person9951,36,CSE,79974
Person9952,22,MECH,89341
Person9953,38,MECH,48959
Person9954,40,ECE,79245
Person9955,28,IT,65277
Person9956,50,CSE,37648
Person9957,52,CSE,91437
Person9958,32,IT,55582
Person9959,56,CSE,68401
Person9960,24,ECE,43073
Person9961,56,ECE,22046
Person9962,50,MECH,56226
Person9963,28,CSE,77808
Person9964,46,ECE,46174
Person9965,32,IT,94321
Person9966,51,ECE,80015
Person9967,26,MECH,71360
Person9968,29,IT,84532
Person9969,32,MECH,88913
Person9970,27,IT,77698
Person9971,33,IT,86023
Person9972,44,MECH,77063
Person9973,45,IT,88903
Person9974,42,MECH,28300
Person9975,27,IT,47528
Person9976,28,MECH,91023
Person9977,56,ECE,57933
Person9978,30,MECH,21195
Person9979,24,ECE,87842
Person9980,38,ECE,72448
Person9981,20,ECE,92831
Person9982,33,ECE,21297
Person9983,54,ECE,31747
Person9984,30,MECH,60838
Person9985,48,ECE,34522
Person9986,39,ECE,61656
Person9987,34,CSE,47746
Person9988,46,ECE,36813
Person9989,43,ECE,81623
Person9990,32,IT,23111
Person9991,28,ECE,89998
Person9992,56,CSE,32302
Person9993,26,ECE,66419
Person9994,58,MECH,99321
Person9995,38,CSE,29061
Person9996,59,CSE,94149
Person9997,34,ECE,44299
Person9998,42,ECE,79281
Person9999,44,ECE,88561
